metric,value
cohort_persons,309
cross_persons,1363
cross_krr,0.31107850
cross_ber_mean,29.20396185
impostor_pairs,5000
impostor_far,0.00000000
context_eer,0.02400000
context_auc,0.98482200
rs_t,32
policy_max_correct,28
single_balanced_krr_micro,0.21359223
single_balanced_krr_macro,0.21359223
single_balanced_ber_mean,29.57605178
single_balanced_ber_p95,32.00000000
single_balanced_n_attempts,309
single_extended_krr_micro,0.30025974
single_extended_krr_macro,0.23366420
single_extended_ber_mean,29.29220779
single_extended_ber_p95,32.00000000
single_extended_n_attempts,3850
vote5_balanced_krr_micro,0.86407767
vote5_balanced_krr_macro,0.86407767
vote5_balanced_ber_mean,24.13592233
vote5_balanced_ber_p95,30.00000000
vote5_balanced_n_attempts,309
vote5_extended_krr_micro,0.88961039
vote5_extended_krr_macro,0.85480704
vote5_extended_ber_mean,24.29454545
vote5_extended_ber_p95,30.00000000
vote5_extended_n_attempts,3850
theta0_krr,1.00000000
theta1_krr,1.00000000
theta2_krr,1.00000000
theta3_krr,1.00000000
theta4_krr,1.00000000
theta5_krr,1.00000000
theta6_krr,1.00000000
theta7_krr,1.00000000
theta8_krr,1.00000000
theta9_krr,1.00000000
theta10_krr,1.00000000
theta11_krr,1.00000000
theta12_krr,1.00000000
theta13_krr,1.00000000
theta14_krr,1.00000000
theta15_krr,1.00000000
theta16_krr,1.00000000
theta17_krr,1.00000000
theta18_krr,1.00000000
theta19_krr,1.00000000
theta20_krr,1.00000000
theta21_krr,1.00000000
theta22_krr,1.00000000
theta23_krr,1.00000000
theta24_krr,1.00000000
theta25_krr,1.00000000
theta26_krr,1.00000000
theta27_krr,1.00000000
theta28_krr,1.00000000
theta29_krr,0.00000000
theta30_krr,0.00000000
theta31_krr,0.00000000
theta32_krr,0.00000000
