person,noise_type,intensity,ok,similarity,extract_failed,probe_path
Abdullah_Gul,gaussian,0.00000000,1,1.00000000,0,Abdullah_Gul/Abdullah_Gul_0006.jpg
Abdullah_Gul,gaussian,0.02000000,1,0.98915470,0,Abdullah_Gul/Abdullah_Gul_0006.jpg
Abdullah_Gul,gaussian,0.05000000,1,0.96019006,0,Abdullah_Gul/Abdullah_Gul_0006.jpg
Abdullah_Gul,gaussian,0.10000000,1,0.90443861,0,Abdullah_Gul/Abdullah_Gul_0006.jpg
Abdullah_Gul,gaussian,0.20000000,0,nan,1,Abdullah_Gul/Abdullah_Gul_0006.jpg
Abdullah_Gul,gaussian,0.30000000,0,nan,1,Abdullah_Gul/Abdullah_Gul_0006.jpg
Abdullah_Gul,brightness,1.00000000,1,1.00000000,0,Abdullah_Gul/Abdullah_Gul_0006.jpg
Abdullah_Gul,brightness,0.90000000,1,0.99917197,0,Abdullah_Gul/Abdullah_Gul_0006.jpg
Abdullah_Gul,brightness,0.80000000,1,0.99763846,0,Abdullah_Gul/Abdullah_Gul_0006.jpg
Abdullah_Gul,brightness,0.65000000,1,0.99392158,0,Abdullah_Gul/Abdullah_Gul_0006.jpg
Abdullah_Gul,brightness,0.50000000,1,0.98710394,0,Abdullah_Gul/Abdullah_Gul_0006.jpg
Abdullah_Gul,brightness,0.35000000,1,0.97622395,0,Abdullah_Gul/Abdullah_Gul_0006.jpg
Abdullah_Gul,rotation,0.00000000,1,1.00000000,0,Abdullah_Gul/Abdullah_Gul_0006.jpg
Abdullah_Gul,rotation,3.00000000,1,0.99825507,0,Abdullah_Gul/Abdullah_Gul_0006.jpg
Abdullah_Gul,rotation,6.00000000,1,0.99754703,0,Abdullah_Gul/Abdullah_Gul_0006.jpg
Abdullah_Gul,rotation,10.00000000,1,0.99590051,0,Abdullah_Gul/Abdullah_Gul_0006.jpg
Abdullah_Gul,rotation,15.00000000,1,0.99450749,0,Abdullah_Gul/Abdullah_Gul_0006.jpg
Abdullah_Gul,rotation,20.00000000,1,0.99350834,0,Abdullah_Gul/Abdullah_Gul_0006.jpg
Abdullah_Gul,blur,0.00000000,1,0.99751806,0,Abdullah_Gul/Abdullah_Gul_0006.jpg
Abdullah_Gul,blur,1.00000000,1,0.99706274,0,Abdullah_Gul/Abdullah_Gul_0006.jpg
Abdullah_Gul,blur,2.00000000,1,0.97668803,0,Abdullah_Gul/Abdullah_Gul_0006.jpg
Abdullah_Gul,blur,3.00000000,1,0.88915408,0,Abdullah_Gul/Abdullah_Gul_0006.jpg
Abdullah_Gul,blur,4.00000000,1,0.78142059,0,Abdullah_Gul/Abdullah_Gul_0006.jpg
Abdullah_Gul,blur,5.00000000,0,0.67528903,0,Abdullah_Gul/Abdullah_Gul_0006.jpg
Abdullah_Gul,occlusion,0.00000000,1,0.99824518,0,Abdullah_Gul/Abdullah_Gul_0006.jpg
Abdullah_Gul,occlusion,0.10000000,0,0.00857615,0,Abdullah_Gul/Abdullah_Gul_0006.jpg
Abdullah_Gul,occlusion,0.15000000,0,0.00998386,0,Abdullah_Gul/Abdullah_Gul_0006.jpg
Abdullah_Gul,occlusion,0.20000000,0,0.00433088,0,Abdullah_Gul/Abdullah_Gul_0006.jpg
Abdullah_Gul,occlusion,0.25000000,0,0.01281177,0,Abdullah_Gul/Abdullah_Gul_0006.jpg
Abdullah_Gul,occlusion,0.30000000,0,-0.00535924,0,Abdullah_Gul/Abdullah_Gul_0006.jpg
Adrien_Brody,gaussian,0.00000000,1,1.00000012,0,Adrien_Brody/Adrien_Brody_0006.jpg
Adrien_Brody,gaussian,0.02000000,1,0.98878706,0,Adrien_Brody/Adrien_Brody_0006.jpg
Adrien_Brody,gaussian,0.05000000,1,0.94514680,0,Adrien_Brody/Adrien_Brody_0006.jpg
Adrien_Brody,gaussian,0.10000000,1,0.87355435,0,Adrien_Brody/Adrien_Brody_0006.jpg
Adrien_Brody,gaussian,0.20000000,0,nan,1,Adrien_Brody/Adrien_Brody_0006.jpg
Adrien_Brody,gaussian,0.30000000,0,nan,1,Adrien_Brody/Adrien_Brody_0006.jpg
Adrien_Brody,brightness,1.00000000,1,1.00000012,0,Adrien_Brody/Adrien_Brody_0006.jpg
Adrien_Brody,brightness,0.90000000,1,0.99935913,0,Adrien_Brody/Adrien_Brody_0006.jpg
Adrien_Brody,brightness,0.80000000,1,0.99801582,0,Adrien_Brody/Adrien_Brody_0006.jpg
Adrien_Brody,brightness,0.65000000,1,0.99544388,0,Adrien_Brody/Adrien_Brody_0006.jpg
Adrien_Brody,brightness,0.50000000,1,0.99188328,0,Adrien_Brody/Adrien_Brody_0006.jpg
Adrien_Brody,brightness,0.35000000,1,0.98521638,0,Adrien_Brody/Adrien_Brody_0006.jpg
Adrien_Brody,rotation,0.00000000,1,1.00000012,0,Adrien_Brody/Adrien_Brody_0006.jpg
Adrien_Brody,rotation,3.00000000,1,0.99779046,0,Adrien_Brody/Adrien_Brody_0006.jpg
Adrien_Brody,rotation,6.00000000,1,0.99732059,0,Adrien_Brody/Adrien_Brody_0006.jpg
Adrien_Brody,rotation,10.00000000,1,0.99585855,0,Adrien_Brody/Adrien_Brody_0006.jpg
Adrien_Brody,rotation,15.00000000,1,0.99244952,0,Adrien_Brody/Adrien_Brody_0006.jpg
Adrien_Brody,rotation,20.00000000,1,0.99018908,0,Adrien_Brody/Adrien_Brody_0006.jpg
Adrien_Brody,blur,0.00000000,1,0.99359745,0,Adrien_Brody/Adrien_Brody_0006.jpg
Adrien_Brody,blur,1.00000000,1,0.99246812,0,Adrien_Brody/Adrien_Brody_0006.jpg
Adrien_Brody,blur,2.00000000,1,0.95742166,0,Adrien_Brody/Adrien_Brody_0006.jpg
Adrien_Brody,blur,3.00000000,1,0.90562010,0,Adrien_Brody/Adrien_Brody_0006.jpg
Adrien_Brody,blur,4.00000000,1,0.81779331,0,Adrien_Brody/Adrien_Brody_0006.jpg
Adrien_Brody,blur,5.00000000,0,0.68988675,0,Adrien_Brody/Adrien_Brody_0006.jpg
Adrien_Brody,occlusion,0.00000000,1,0.99910998,0,Adrien_Brody/Adrien_Brody_0006.jpg
Adrien_Brody,occlusion,0.10000000,0,0.38835055,0,Adrien_Brody/Adrien_Brody_0006.jpg
Adrien_Brody,occlusion,0.15000000,0,0.02022455,0,Adrien_Brody/Adrien_Brody_0006.jpg
Adrien_Brody,occlusion,0.20000000,0,0.02007145,0,Adrien_Brody/Adrien_Brody_0006.jpg
Adrien_Brody,occlusion,0.25000000,0,0.01987280,0,Adrien_Brody/Adrien_Brody_0006.jpg
Adrien_Brody,occlusion,0.30000000,0,0.02164492,0,Adrien_Brody/Adrien_Brody_0006.jpg
Al_Gore,gaussian,0.00000000,1,0.99999994,0,Al_Gore/Al_Gore_0006.jpg
Al_Gore,gaussian,0.02000000,1,0.98836452,0,Al_Gore/Al_Gore_0006.jpg
Al_Gore,gaussian,0.05000000,1,0.93874741,0,Al_Gore/Al_Gore_0006.jpg
Al_Gore,gaussian,0.10000000,1,0.86242002,0,Al_Gore/Al_Gore_0006.jpg
Al_Gore,gaussian,0.20000000,0,nan,1,Al_Gore/Al_Gore_0006.jpg
Al_Gore,gaussian,0.30000000,0,nan,1,Al_Gore/Al_Gore_0006.jpg
Al_Gore,brightness,1.00000000,1,0.99999994,0,Al_Gore/Al_Gore_0006.jpg
Al_Gore,brightness,0.90000000,1,0.99921286,0,Al_Gore/Al_Gore_0006.jpg
Al_Gore,brightness,0.80000000,1,0.99764687,0,Al_Gore/Al_Gore_0006.jpg
Al_Gore,brightness,0.65000000,1,0.99364448,0,Al_Gore/Al_Gore_0006.jpg
Al_Gore,brightness,0.50000000,1,0.98845887,0,Al_Gore/Al_Gore_0006.jpg
Al_Gore,brightness,0.35000000,1,0.98068738,0,Al_Gore/Al_Gore_0006.jpg
Al_Gore,rotation,0.00000000,1,0.99999994,0,Al_Gore/Al_Gore_0006.jpg
Al_Gore,rotation,3.00000000,1,0.99731731,0,Al_Gore/Al_Gore_0006.jpg
Al_Gore,rotation,6.00000000,1,0.99581867,0,Al_Gore/Al_Gore_0006.jpg
Al_Gore,rotation,10.00000000,1,0.99429363,0,Al_Gore/Al_Gore_0006.jpg
Al_Gore,rotation,15.00000000,1,0.99494225,0,Al_Gore/Al_Gore_0006.jpg
Al_Gore,rotation,20.00000000,1,0.99751097,0,Al_Gore/Al_Gore_0006.jpg
Al_Gore,blur,0.00000000,1,0.99553901,0,Al_Gore/Al_Gore_0006.jpg
Al_Gore,blur,1.00000000,1,0.99476463,0,Al_Gore/Al_Gore_0006.jpg
Al_Gore,blur,2.00000000,1,0.95948863,0,Al_Gore/Al_Gore_0006.jpg
Al_Gore,blur,3.00000000,0,0.85579503,0,Al_Gore/Al_Gore_0006.jpg
Al_Gore,blur,4.00000000,0,0.74973387,0,Al_Gore/Al_Gore_0006.jpg
Al_Gore,blur,5.00000000,0,0.64979446,0,Al_Gore/Al_Gore_0006.jpg
Al_Gore,occlusion,0.00000000,1,0.99810934,0,Al_Gore/Al_Gore_0006.jpg
Al_Gore,occlusion,0.10000000,0,0.40379703,0,Al_Gore/Al_Gore_0006.jpg
Al_Gore,occlusion,0.15000000,0,nan,1,Al_Gore/Al_Gore_0006.jpg
Al_Gore,occlusion,0.20000000,0,nan,1,Al_Gore/Al_Gore_0006.jpg
Al_Gore,occlusion,0.25000000,0,nan,1,Al_Gore/Al_Gore_0006.jpg
Al_Gore,occlusion,0.30000000,0,nan,1,Al_Gore/Al_Gore_0006.jpg
Al_Sharpton,gaussian,0.00000000,1,1.00000000,0,Al_Sharpton/Al_Sharpton_0006.jpg
Al_Sharpton,gaussian,0.02000000,1,0.98971009,0,Al_Sharpton/Al_Sharpton_0006.jpg
Al_Sharpton,gaussian,0.05000000,1,0.96596962,0,Al_Sharpton/Al_Sharpton_0006.jpg
Al_Sharpton,gaussian,0.10000000,1,0.89602607,0,Al_Sharpton/Al_Sharpton_0006.jpg
Al_Sharpton,gaussian,0.20000000,0,nan,1,Al_Sharpton/Al_Sharpton_0006.jpg
Al_Sharpton,gaussian,0.30000000,0,nan,1,Al_Sharpton/Al_Sharpton_0006.jpg
Al_Sharpton,brightness,1.00000000,1,1.00000000,0,Al_Sharpton/Al_Sharpton_0006.jpg
Al_Sharpton,brightness,0.90000000,1,0.99951625,0,Al_Sharpton/Al_Sharpton_0006.jpg
Al_Sharpton,brightness,0.80000000,1,0.99830472,0,Al_Sharpton/Al_Sharpton_0006.jpg
Al_Sharpton,brightness,0.65000000,1,0.99584931,0,Al_Sharpton/Al_Sharpton_0006.jpg
Al_Sharpton,brightness,0.50000000,1,0.99102807,0,Al_Sharpton/Al_Sharpton_0006.jpg
Al_Sharpton,brightness,0.35000000,1,0.98085964,0,Al_Sharpton/Al_Sharpton_0006.jpg
Al_Sharpton,rotation,0.00000000,1,1.00000000,0,Al_Sharpton/Al_Sharpton_0006.jpg
Al_Sharpton,rotation,3.00000000,1,0.99725658,0,Al_Sharpton/Al_Sharpton_0006.jpg
Al_Sharpton,rotation,6.00000000,1,0.99716079,0,Al_Sharpton/Al_Sharpton_0006.jpg
Al_Sharpton,rotation,10.00000000,1,0.99701643,0,Al_Sharpton/Al_Sharpton_0006.jpg
Al_Sharpton,rotation,15.00000000,1,0.99562979,0,Al_Sharpton/Al_Sharpton_0006.jpg
Al_Sharpton,rotation,20.00000000,1,0.98906678,0,Al_Sharpton/Al_Sharpton_0006.jpg
Al_Sharpton,blur,0.00000000,1,0.99348193,0,Al_Sharpton/Al_Sharpton_0006.jpg
Al_Sharpton,blur,1.00000000,1,0.99270952,0,Al_Sharpton/Al_Sharpton_0006.jpg
Al_Sharpton,blur,2.00000000,1,0.96631813,0,Al_Sharpton/Al_Sharpton_0006.jpg
Al_Sharpton,blur,3.00000000,0,0.87871748,0,Al_Sharpton/Al_Sharpton_0006.jpg
Al_Sharpton,blur,4.00000000,1,0.76482576,0,Al_Sharpton/Al_Sharpton_0006.jpg
Al_Sharpton,blur,5.00000000,0,0.62658471,0,Al_Sharpton/Al_Sharpton_0006.jpg
Al_Sharpton,occlusion,0.00000000,1,0.99911767,0,Al_Sharpton/Al_Sharpton_0006.jpg
Al_Sharpton,occlusion,0.10000000,0,nan,1,Al_Sharpton/Al_Sharpton_0006.jpg
Al_Sharpton,occlusion,0.15000000,0,nan,1,Al_Sharpton/Al_Sharpton_0006.jpg
Al_Sharpton,occlusion,0.20000000,0,nan,1,Al_Sharpton/Al_Sharpton_0006.jpg
Al_Sharpton,occlusion,0.25000000,0,nan,1,Al_Sharpton/Al_Sharpton_0006.jpg
Al_Sharpton,occlusion,0.30000000,0,nan,1,Al_Sharpton/Al_Sharpton_0006.jpg
Albert_Costa,gaussian,0.00000000,1,1.00000012,0,Albert_Costa/Albert_Costa_0006.jpg
Albert_Costa,gaussian,0.02000000,1,0.98823452,0,Albert_Costa/Albert_Costa_0006.jpg
Albert_Costa,gaussian,0.05000000,1,0.95040011,0,Albert_Costa/Albert_Costa_0006.jpg
Albert_Costa,gaussian,0.10000000,1,0.86500394,0,Albert_Costa/Albert_Costa_0006.jpg
Albert_Costa,gaussian,0.20000000,0,nan,1,Albert_Costa/Albert_Costa_0006.jpg
Albert_Costa,gaussian,0.30000000,0,nan,1,Albert_Costa/Albert_Costa_0006.jpg
Albert_Costa,brightness,1.00000000,1,1.00000012,0,Albert_Costa/Albert_Costa_0006.jpg
Albert_Costa,brightness,0.90000000,1,0.99950469,0,Albert_Costa/Albert_Costa_0006.jpg
Albert_Costa,brightness,0.80000000,1,0.99829620,0,Albert_Costa/Albert_Costa_0006.jpg
Albert_Costa,brightness,0.65000000,1,0.99427187,0,Albert_Costa/Albert_Costa_0006.jpg
Albert_Costa,brightness,0.50000000,1,0.98512167,0,Albert_Costa/Albert_Costa_0006.jpg
Albert_Costa,brightness,0.35000000,1,0.97409296,0,Albert_Costa/Albert_Costa_0006.jpg
Albert_Costa,rotation,0.00000000,1,1.00000012,0,Albert_Costa/Albert_Costa_0006.jpg
Albert_Costa,rotation,3.00000000,1,0.99667639,0,Albert_Costa/Albert_Costa_0006.jpg
Albert_Costa,rotation,6.00000000,1,0.99709797,0,Albert_Costa/Albert_Costa_0006.jpg
Albert_Costa,rotation,10.00000000,1,0.99645907,0,Albert_Costa/Albert_Costa_0006.jpg
Albert_Costa,rotation,15.00000000,1,0.99398375,0,Albert_Costa/Albert_Costa_0006.jpg
Albert_Costa,rotation,20.00000000,1,0.98911941,0,Albert_Costa/Albert_Costa_0006.jpg
Albert_Costa,blur,0.00000000,1,0.99274087,0,Albert_Costa/Albert_Costa_0006.jpg
Albert_Costa,blur,1.00000000,1,0.99150819,0,Albert_Costa/Albert_Costa_0006.jpg
Albert_Costa,blur,2.00000000,1,0.95397335,0,Albert_Costa/Albert_Costa_0006.jpg
Albert_Costa,blur,3.00000000,1,0.87957180,0,Albert_Costa/Albert_Costa_0006.jpg
Albert_Costa,blur,4.00000000,1,0.79591376,0,Albert_Costa/Albert_Costa_0006.jpg
Albert_Costa,blur,5.00000000,0,0.71600848,0,Albert_Costa/Albert_Costa_0006.jpg
Albert_Costa,occlusion,0.00000000,1,0.99854517,0,Albert_Costa/Albert_Costa_0006.jpg
Albert_Costa,occlusion,0.10000000,0,0.48071831,0,Albert_Costa/Albert_Costa_0006.jpg
Albert_Costa,occlusion,0.15000000,0,nan,1,Albert_Costa/Albert_Costa_0006.jpg
Albert_Costa,occlusion,0.20000000,0,nan,1,Albert_Costa/Albert_Costa_0006.jpg
Albert_Costa,occlusion,0.25000000,0,nan,1,Albert_Costa/Albert_Costa_0006.jpg
Albert_Costa,occlusion,0.30000000,0,nan,1,Albert_Costa/Albert_Costa_0006.jpg
Alejandro_Toledo,gaussian,0.00000000,1,1.00000000,0,Alejandro_Toledo/Alejandro_Toledo_0006.jpg
Alejandro_Toledo,gaussian,0.02000000,1,0.98612654,0,Alejandro_Toledo/Alejandro_Toledo_0006.jpg
Alejandro_Toledo,gaussian,0.05000000,1,0.92233908,0,Alejandro_Toledo/Alejandro_Toledo_0006.jpg
Alejandro_Toledo,gaussian,0.10000000,1,0.79889238,0,Alejandro_Toledo/Alejandro_Toledo_0006.jpg
Alejandro_Toledo,gaussian,0.20000000,0,nan,1,Alejandro_Toledo/Alejandro_Toledo_0006.jpg
Alejandro_Toledo,gaussian,0.30000000,0,nan,1,Alejandro_Toledo/Alejandro_Toledo_0006.jpg
Alejandro_Toledo,brightness,1.00000000,1,1.00000000,0,Alejandro_Toledo/Alejandro_Toledo_0006.jpg
Alejandro_Toledo,brightness,0.90000000,1,0.99920458,0,Alejandro_Toledo/Alejandro_Toledo_0006.jpg
Alejandro_Toledo,brightness,0.80000000,1,0.99753416,0,Alejandro_Toledo/Alejandro_Toledo_0006.jpg
Alejandro_Toledo,brightness,0.65000000,1,0.99528271,0,Alejandro_Toledo/Alejandro_Toledo_0006.jpg
Alejandro_Toledo,brightness,0.50000000,1,0.99105996,0,Alejandro_Toledo/Alejandro_Toledo_0006.jpg
Alejandro_Toledo,brightness,0.35000000,1,0.97831905,0,Alejandro_Toledo/Alejandro_Toledo_0006.jpg
Alejandro_Toledo,rotation,0.00000000,1,1.00000000,0,Alejandro_Toledo/Alejandro_Toledo_0006.jpg
Alejandro_Toledo,rotation,3.00000000,1,0.99760216,0,Alejandro_Toledo/Alejandro_Toledo_0006.jpg
Alejandro_Toledo,rotation,6.00000000,1,0.99639869,0,Alejandro_Toledo/Alejandro_Toledo_0006.jpg
Alejandro_Toledo,rotation,10.00000000,1,0.99515724,0,Alejandro_Toledo/Alejandro_Toledo_0006.jpg
Alejandro_Toledo,rotation,15.00000000,1,0.99607360,0,Alejandro_Toledo/Alejandro_Toledo_0006.jpg
Alejandro_Toledo,rotation,20.00000000,1,0.99605393,0,Alejandro_Toledo/Alejandro_Toledo_0006.jpg
Alejandro_Toledo,blur,0.00000000,1,0.99402612,0,Alejandro_Toledo/Alejandro_Toledo_0006.jpg
Alejandro_Toledo,blur,1.00000000,1,0.99256277,0,Alejandro_Toledo/Alejandro_Toledo_0006.jpg
Alejandro_Toledo,blur,2.00000000,1,0.92716789,0,Alejandro_Toledo/Alejandro_Toledo_0006.jpg
Alejandro_Toledo,blur,3.00000000,1,0.76752424,0,Alejandro_Toledo/Alejandro_Toledo_0006.jpg
Alejandro_Toledo,blur,4.00000000,1,0.61951315,0,Alejandro_Toledo/Alejandro_Toledo_0006.jpg
Alejandro_Toledo,blur,5.00000000,1,0.54328418,0,Alejandro_Toledo/Alejandro_Toledo_0006.jpg
Alejandro_Toledo,occlusion,0.00000000,1,0.99874306,0,Alejandro_Toledo/Alejandro_Toledo_0006.jpg
Alejandro_Toledo,occlusion,0.10000000,0,0.33649284,0,Alejandro_Toledo/Alejandro_Toledo_0006.jpg
Alejandro_Toledo,occlusion,0.15000000,0,nan,1,Alejandro_Toledo/Alejandro_Toledo_0006.jpg
Alejandro_Toledo,occlusion,0.20000000,0,nan,1,Alejandro_Toledo/Alejandro_Toledo_0006.jpg
Alejandro_Toledo,occlusion,0.25000000,0,nan,1,Alejandro_Toledo/Alejandro_Toledo_0006.jpg
Alejandro_Toledo,occlusion,0.30000000,0,nan,1,Alejandro_Toledo/Alejandro_Toledo_0006.jpg
Ali_Naimi,gaussian,0.00000000,1,0.99999988,0,Ali_Naimi/Ali_Naimi_0006.jpg
Ali_Naimi,gaussian,0.02000000,1,0.98863953,0,Ali_Naimi/Ali_Naimi_0006.jpg
Ali_Naimi,gaussian,0.05000000,1,0.93994880,0,Ali_Naimi/Ali_Naimi_0006.jpg
Ali_Naimi,gaussian,0.10000000,1,0.84345543,0,Ali_Naimi/Ali_Naimi_0006.jpg
Ali_Naimi,gaussian,0.20000000,0,nan,1,Ali_Naimi/Ali_Naimi_0006.jpg
Ali_Naimi,gaussian,0.30000000,0,nan,1,Ali_Naimi/Ali_Naimi_0006.jpg
Ali_Naimi,brightness,1.00000000,1,0.99999988,0,Ali_Naimi/Ali_Naimi_0006.jpg
Ali_Naimi,brightness,0.90000000,1,0.99953371,0,Ali_Naimi/Ali_Naimi_0006.jpg
Ali_Naimi,brightness,0.80000000,1,0.99845731,0,Ali_Naimi/Ali_Naimi_0006.jpg
Ali_Naimi,brightness,0.65000000,1,0.99625850,0,Ali_Naimi/Ali_Naimi_0006.jpg
Ali_Naimi,brightness,0.50000000,1,0.99190944,0,Ali_Naimi/Ali_Naimi_0006.jpg
Ali_Naimi,brightness,0.35000000,1,0.98205584,0,Ali_Naimi/Ali_Naimi_0006.jpg
Ali_Naimi,rotation,0.00000000,1,0.99999988,0,Ali_Naimi/Ali_Naimi_0006.jpg
Ali_Naimi,rotation,3.00000000,1,0.99522066,0,Ali_Naimi/Ali_Naimi_0006.jpg
Ali_Naimi,rotation,6.00000000,1,0.99582314,0,Ali_Naimi/Ali_Naimi_0006.jpg
Ali_Naimi,rotation,10.00000000,1,0.99438572,0,Ali_Naimi/Ali_Naimi_0006.jpg
Ali_Naimi,rotation,15.00000000,1,0.98977470,0,Ali_Naimi/Ali_Naimi_0006.jpg
Ali_Naimi,rotation,20.00000000,1,0.98342216,0,Ali_Naimi/Ali_Naimi_0006.jpg
Ali_Naimi,blur,0.00000000,1,0.99080884,0,Ali_Naimi/Ali_Naimi_0006.jpg
Ali_Naimi,blur,1.00000000,1,0.98868036,0,Ali_Naimi/Ali_Naimi_0006.jpg
Ali_Naimi,blur,2.00000000,1,0.92659307,0,Ali_Naimi/Ali_Naimi_0006.jpg
Ali_Naimi,blur,3.00000000,1,0.86315662,0,Ali_Naimi/Ali_Naimi_0006.jpg
Ali_Naimi,blur,4.00000000,1,0.77509898,0,Ali_Naimi/Ali_Naimi_0006.jpg
Ali_Naimi,blur,5.00000000,1,0.70013607,0,Ali_Naimi/Ali_Naimi_0006.jpg
Ali_Naimi,occlusion,0.00000000,1,0.99749720,0,Ali_Naimi/Ali_Naimi_0006.jpg
Ali_Naimi,occlusion,0.10000000,0,0.40228972,0,Ali_Naimi/Ali_Naimi_0006.jpg
Ali_Naimi,occlusion,0.15000000,0,nan,1,Ali_Naimi/Ali_Naimi_0006.jpg
Ali_Naimi,occlusion,0.20000000,0,nan,1,Ali_Naimi/Ali_Naimi_0006.jpg
Ali_Naimi,occlusion,0.25000000,0,nan,1,Ali_Naimi/Ali_Naimi_0006.jpg
Ali_Naimi,occlusion,0.30000000,0,nan,1,Ali_Naimi/Ali_Naimi_0006.jpg
Alvaro_Uribe,gaussian,0.00000000,1,1.00000012,0,Alvaro_Uribe/Alvaro_Uribe_0006.jpg
Alvaro_Uribe,gaussian,0.02000000,1,0.97117949,0,Alvaro_Uribe/Alvaro_Uribe_0006.jpg
Alvaro_Uribe,gaussian,0.05000000,0,0.86295784,0,Alvaro_Uribe/Alvaro_Uribe_0006.jpg
Alvaro_Uribe,gaussian,0.10000000,0,0.65999311,0,Alvaro_Uribe/Alvaro_Uribe_0006.jpg
Alvaro_Uribe,gaussian,0.20000000,0,nan,1,Alvaro_Uribe/Alvaro_Uribe_0006.jpg
Alvaro_Uribe,gaussian,0.30000000,0,nan,1,Alvaro_Uribe/Alvaro_Uribe_0006.jpg
Alvaro_Uribe,brightness,1.00000000,1,1.00000012,0,Alvaro_Uribe/Alvaro_Uribe_0006.jpg
Alvaro_Uribe,brightness,0.90000000,1,0.99801445,0,Alvaro_Uribe/Alvaro_Uribe_0006.jpg
Alvaro_Uribe,brightness,0.80000000,1,0.99568522,0,Alvaro_Uribe/Alvaro_Uribe_0006.jpg
Alvaro_Uribe,brightness,0.65000000,1,0.98939216,0,Alvaro_Uribe/Alvaro_Uribe_0006.jpg
Alvaro_Uribe,brightness,0.50000000,1,0.98083460,0,Alvaro_Uribe/Alvaro_Uribe_0006.jpg
Alvaro_Uribe,brightness,0.35000000,1,0.95804620,0,Alvaro_Uribe/Alvaro_Uribe_0006.jpg
Alvaro_Uribe,rotation,0.00000000,1,1.00000012,0,Alvaro_Uribe/Alvaro_Uribe_0006.jpg
Alvaro_Uribe,rotation,3.00000000,1,0.99496484,0,Alvaro_Uribe/Alvaro_Uribe_0006.jpg
Alvaro_Uribe,rotation,6.00000000,1,0.99187839,0,Alvaro_Uribe/Alvaro_Uribe_0006.jpg
Alvaro_Uribe,rotation,10.00000000,1,0.99261308,0,Alvaro_Uribe/Alvaro_Uribe_0006.jpg
Alvaro_Uribe,rotation,15.00000000,1,0.99095136,0,Alvaro_Uribe/Alvaro_Uribe_0006.jpg
Alvaro_Uribe,rotation,20.00000000,1,0.98840249,0,Alvaro_Uribe/Alvaro_Uribe_0006.jpg
Alvaro_Uribe,blur,0.00000000,1,0.98458970,0,Alvaro_Uribe/Alvaro_Uribe_0006.jpg
Alvaro_Uribe,blur,1.00000000,1,0.98123920,0,Alvaro_Uribe/Alvaro_Uribe_0006.jpg
Alvaro_Uribe,blur,2.00000000,0,0.88305831,0,Alvaro_Uribe/Alvaro_Uribe_0006.jpg
Alvaro_Uribe,blur,3.00000000,0,0.73239589,0,Alvaro_Uribe/Alvaro_Uribe_0006.jpg
Alvaro_Uribe,blur,4.00000000,0,0.60534191,0,Alvaro_Uribe/Alvaro_Uribe_0006.jpg
Alvaro_Uribe,blur,5.00000000,0,0.52520889,0,Alvaro_Uribe/Alvaro_Uribe_0006.jpg
Alvaro_Uribe,occlusion,0.00000000,1,0.99956948,0,Alvaro_Uribe/Alvaro_Uribe_0006.jpg
Alvaro_Uribe,occlusion,0.10000000,0,nan,1,Alvaro_Uribe/Alvaro_Uribe_0006.jpg
Alvaro_Uribe,occlusion,0.15000000,0,nan,1,Alvaro_Uribe/Alvaro_Uribe_0006.jpg
Alvaro_Uribe,occlusion,0.20000000,0,nan,1,Alvaro_Uribe/Alvaro_Uribe_0006.jpg
Alvaro_Uribe,occlusion,0.25000000,0,nan,1,Alvaro_Uribe/Alvaro_Uribe_0006.jpg
Alvaro_Uribe,occlusion,0.30000000,0,nan,1,Alvaro_Uribe/Alvaro_Uribe_0006.jpg
Amelia_Vega,gaussian,0.00000000,0,1.00000012,0,Amelia_Vega/Amelia_Vega_0006.jpg
Amelia_Vega,gaussian,0.02000000,0,0.98227209,0,Amelia_Vega/Amelia_Vega_0006.jpg
Amelia_Vega,gaussian,0.05000000,1,0.93474281,0,Amelia_Vega/Amelia_Vega_0006.jpg
Amelia_Vega,gaussian,0.10000000,0,0.84008545,0,Amelia_Vega/Amelia_Vega_0006.jpg
Amelia_Vega,gaussian,0.20000000,0,nan,1,Amelia_Vega/Amelia_Vega_0006.jpg
Amelia_Vega,gaussian,0.30000000,0,nan,1,Amelia_Vega/Amelia_Vega_0006.jpg
Amelia_Vega,brightness,1.00000000,0,1.00000012,0,Amelia_Vega/Amelia_Vega_0006.jpg
Amelia_Vega,brightness,0.90000000,1,0.99920100,0,Amelia_Vega/Amelia_Vega_0006.jpg
Amelia_Vega,brightness,0.80000000,1,0.99765211,0,Amelia_Vega/Amelia_Vega_0006.jpg
Amelia_Vega,brightness,0.65000000,0,0.99434936,0,Amelia_Vega/Amelia_Vega_0006.jpg
Amelia_Vega,brightness,0.50000000,0,0.98728341,0,Amelia_Vega/Amelia_Vega_0006.jpg
Amelia_Vega,brightness,0.35000000,1,0.98051751,0,Amelia_Vega/Amelia_Vega_0006.jpg
Amelia_Vega,rotation,0.00000000,0,1.00000012,0,Amelia_Vega/Amelia_Vega_0006.jpg
Amelia_Vega,rotation,3.00000000,0,0.99776918,0,Amelia_Vega/Amelia_Vega_0006.jpg
Amelia_Vega,rotation,6.00000000,1,0.99345380,0,Amelia_Vega/Amelia_Vega_0006.jpg
Amelia_Vega,rotation,10.00000000,0,0.99174702,0,Amelia_Vega/Amelia_Vega_0006.jpg
Amelia_Vega,rotation,15.00000000,0,0.99016595,0,Amelia_Vega/Amelia_Vega_0006.jpg
Amelia_Vega,rotation,20.00000000,0,0.98953307,0,Amelia_Vega/Amelia_Vega_0006.jpg
Amelia_Vega,blur,0.00000000,0,0.99329805,0,Amelia_Vega/Amelia_Vega_0006.jpg
Amelia_Vega,blur,1.00000000,0,0.99248874,0,Amelia_Vega/Amelia_Vega_0006.jpg
Amelia_Vega,blur,2.00000000,0,0.95341277,0,Amelia_Vega/Amelia_Vega_0006.jpg
Amelia_Vega,blur,3.00000000,0,0.87632263,0,Amelia_Vega/Amelia_Vega_0006.jpg
Amelia_Vega,blur,4.00000000,0,0.79632759,0,Amelia_Vega/Amelia_Vega_0006.jpg
Amelia_Vega,blur,5.00000000,0,0.70461267,0,Amelia_Vega/Amelia_Vega_0006.jpg
Amelia_Vega,occlusion,0.00000000,1,0.99879682,0,Amelia_Vega/Amelia_Vega_0006.jpg
Amelia_Vega,occlusion,0.10000000,0,0.18456355,0,Amelia_Vega/Amelia_Vega_0006.jpg
Amelia_Vega,occlusion,0.15000000,0,0.08961182,0,Amelia_Vega/Amelia_Vega_0006.jpg
Amelia_Vega,occlusion,0.20000000,0,nan,1,Amelia_Vega/Amelia_Vega_0006.jpg
Amelia_Vega,occlusion,0.25000000,0,nan,1,Amelia_Vega/Amelia_Vega_0006.jpg
Amelia_Vega,occlusion,0.30000000,0,nan,1,Amelia_Vega/Amelia_Vega_0006.jpg
Amelie_Mauresmo,gaussian,0.00000000,1,0.99999988,0,Amelie_Mauresmo/Amelie_Mauresmo_0006.jpg
Amelie_Mauresmo,gaussian,0.02000000,1,0.98444641,0,Amelie_Mauresmo/Amelie_Mauresmo_0006.jpg
Amelie_Mauresmo,gaussian,0.05000000,1,0.95848703,0,Amelie_Mauresmo/Amelie_Mauresmo_0006.jpg
Amelie_Mauresmo,gaussian,0.10000000,1,0.88503337,0,Amelie_Mauresmo/Amelie_Mauresmo_0006.jpg
Amelie_Mauresmo,gaussian,0.20000000,0,nan,1,Amelie_Mauresmo/Amelie_Mauresmo_0006.jpg
Amelie_Mauresmo,gaussian,0.30000000,0,nan,1,Amelie_Mauresmo/Amelie_Mauresmo_0006.jpg
Amelie_Mauresmo,brightness,1.00000000,1,0.99999988,0,Amelie_Mauresmo/Amelie_Mauresmo_0006.jpg
Amelie_Mauresmo,brightness,0.90000000,1,0.99953914,0,Amelie_Mauresmo/Amelie_Mauresmo_0006.jpg
Amelie_Mauresmo,brightness,0.80000000,1,0.99852496,0,Amelie_Mauresmo/Amelie_Mauresmo_0006.jpg
Amelie_Mauresmo,brightness,0.65000000,1,0.99618840,0,Amelie_Mauresmo/Amelie_Mauresmo_0006.jpg
Amelie_Mauresmo,brightness,0.50000000,1,0.99147195,0,Amelie_Mauresmo/Amelie_Mauresmo_0006.jpg
Amelie_Mauresmo,brightness,0.35000000,1,0.98204571,0,Amelie_Mauresmo/Amelie_Mauresmo_0006.jpg
Amelie_Mauresmo,rotation,0.00000000,1,0.99999988,0,Amelie_Mauresmo/Amelie_Mauresmo_0006.jpg
Amelie_Mauresmo,rotation,3.00000000,1,0.99807763,0,Amelie_Mauresmo/Amelie_Mauresmo_0006.jpg
Amelie_Mauresmo,rotation,6.00000000,1,0.99717706,0,Amelie_Mauresmo/Amelie_Mauresmo_0006.jpg
Amelie_Mauresmo,rotation,10.00000000,1,0.99505538,0,Amelie_Mauresmo/Amelie_Mauresmo_0006.jpg
Amelie_Mauresmo,rotation,15.00000000,1,0.99370891,0,Amelie_Mauresmo/Amelie_Mauresmo_0006.jpg
Amelie_Mauresmo,rotation,20.00000000,1,0.99172783,0,Amelie_Mauresmo/Amelie_Mauresmo_0006.jpg
Amelie_Mauresmo,blur,0.00000000,1,0.99667537,0,Amelie_Mauresmo/Amelie_Mauresmo_0006.jpg
Amelie_Mauresmo,blur,1.00000000,1,0.99617195,0,Amelie_Mauresmo/Amelie_Mauresmo_0006.jpg
Amelie_Mauresmo,blur,2.00000000,1,0.97228920,0,Amelie_Mauresmo/Amelie_Mauresmo_0006.jpg
Amelie_Mauresmo,blur,3.00000000,1,0.91029572,0,Amelie_Mauresmo/Amelie_Mauresmo_0006.jpg
Amelie_Mauresmo,blur,4.00000000,1,0.82931358,0,Amelie_Mauresmo/Amelie_Mauresmo_0006.jpg
Amelie_Mauresmo,blur,5.00000000,1,0.75524855,0,Amelie_Mauresmo/Amelie_Mauresmo_0006.jpg
Amelie_Mauresmo,occlusion,0.00000000,1,0.99934202,0,Amelie_Mauresmo/Amelie_Mauresmo_0006.jpg
Amelie_Mauresmo,occlusion,0.10000000,0,nan,1,Amelie_Mauresmo/Amelie_Mauresmo_0006.jpg
Amelie_Mauresmo,occlusion,0.15000000,0,nan,1,Amelie_Mauresmo/Amelie_Mauresmo_0006.jpg
Amelie_Mauresmo,occlusion,0.20000000,0,nan,1,Amelie_Mauresmo/Amelie_Mauresmo_0006.jpg
Amelie_Mauresmo,occlusion,0.25000000,0,nan,1,Amelie_Mauresmo/Amelie_Mauresmo_0006.jpg
Amelie_Mauresmo,occlusion,0.30000000,0,nan,1,Amelie_Mauresmo/Amelie_Mauresmo_0006.jpg
Ana_Guevara,gaussian,0.00000000,1,1.00000000,0,Ana_Guevara/Ana_Guevara_0006.jpg
Ana_Guevara,gaussian,0.02000000,1,0.99085426,0,Ana_Guevara/Ana_Guevara_0006.jpg
Ana_Guevara,gaussian,0.05000000,1,0.95730644,0,Ana_Guevara/Ana_Guevara_0006.jpg
Ana_Guevara,gaussian,0.10000000,1,0.90226078,0,Ana_Guevara/Ana_Guevara_0006.jpg
Ana_Guevara,gaussian,0.20000000,0,nan,1,Ana_Guevara/Ana_Guevara_0006.jpg
Ana_Guevara,gaussian,0.30000000,0,nan,1,Ana_Guevara/Ana_Guevara_0006.jpg
Ana_Guevara,brightness,1.00000000,1,1.00000000,0,Ana_Guevara/Ana_Guevara_0006.jpg
Ana_Guevara,brightness,0.90000000,1,0.99950272,0,Ana_Guevara/Ana_Guevara_0006.jpg
Ana_Guevara,brightness,0.80000000,1,0.99854302,0,Ana_Guevara/Ana_Guevara_0006.jpg
Ana_Guevara,brightness,0.65000000,1,0.99616635,0,Ana_Guevara/Ana_Guevara_0006.jpg
Ana_Guevara,brightness,0.50000000,1,0.99281991,0,Ana_Guevara/Ana_Guevara_0006.jpg
Ana_Guevara,brightness,0.35000000,1,0.98789394,0,Ana_Guevara/Ana_Guevara_0006.jpg
Ana_Guevara,rotation,0.00000000,1,1.00000000,0,Ana_Guevara/Ana_Guevara_0006.jpg
Ana_Guevara,rotation,3.00000000,1,0.99920756,0,Ana_Guevara/Ana_Guevara_0006.jpg
Ana_Guevara,rotation,6.00000000,1,0.99842370,0,Ana_Guevara/Ana_Guevara_0006.jpg
Ana_Guevara,rotation,10.00000000,1,0.99804467,0,Ana_Guevara/Ana_Guevara_0006.jpg
Ana_Guevara,rotation,15.00000000,1,0.99752760,0,Ana_Guevara/Ana_Guevara_0006.jpg
Ana_Guevara,rotation,20.00000000,1,0.99388671,0,Ana_Guevara/Ana_Guevara_0006.jpg
Ana_Guevara,blur,0.00000000,1,0.99776793,0,Ana_Guevara/Ana_Guevara_0006.jpg
Ana_Guevara,blur,1.00000000,1,0.99733913,0,Ana_Guevara/Ana_Guevara_0006.jpg
Ana_Guevara,blur,2.00000000,1,0.98214209,0,Ana_Guevara/Ana_Guevara_0006.jpg
Ana_Guevara,blur,3.00000000,1,0.94057256,0,Ana_Guevara/Ana_Guevara_0006.jpg
Ana_Guevara,blur,4.00000000,1,0.86189711,0,Ana_Guevara/Ana_Guevara_0006.jpg
Ana_Guevara,blur,5.00000000,1,0.77814114,0,Ana_Guevara/Ana_Guevara_0006.jpg
Ana_Guevara,occlusion,0.00000000,1,0.99893731,0,Ana_Guevara/Ana_Guevara_0006.jpg
Ana_Guevara,occlusion,0.10000000,0,0.44942340,0,Ana_Guevara/Ana_Guevara_0006.jpg
Ana_Guevara,occlusion,0.15000000,0,nan,1,Ana_Guevara/Ana_Guevara_0006.jpg
Ana_Guevara,occlusion,0.20000000,0,nan,1,Ana_Guevara/Ana_Guevara_0006.jpg
Ana_Guevara,occlusion,0.25000000,0,nan,1,Ana_Guevara/Ana_Guevara_0006.jpg
Ana_Guevara,occlusion,0.30000000,0,nan,1,Ana_Guevara/Ana_Guevara_0006.jpg
Ana_Palacio,gaussian,0.00000000,1,1.00000012,0,Ana_Palacio/Ana_Palacio_0006.jpg
Ana_Palacio,gaussian,0.02000000,1,0.97882468,0,Ana_Palacio/Ana_Palacio_0006.jpg
Ana_Palacio,gaussian,0.05000000,1,0.91379166,0,Ana_Palacio/Ana_Palacio_0006.jpg
Ana_Palacio,gaussian,0.10000000,1,0.83989763,0,Ana_Palacio/Ana_Palacio_0006.jpg
Ana_Palacio,gaussian,0.20000000,0,nan,1,Ana_Palacio/Ana_Palacio_0006.jpg
Ana_Palacio,gaussian,0.30000000,0,nan,1,Ana_Palacio/Ana_Palacio_0006.jpg
Ana_Palacio,brightness,1.00000000,1,1.00000012,0,Ana_Palacio/Ana_Palacio_0006.jpg
Ana_Palacio,brightness,0.90000000,1,0.99919188,0,Ana_Palacio/Ana_Palacio_0006.jpg
Ana_Palacio,brightness,0.80000000,1,0.99735540,0,Ana_Palacio/Ana_Palacio_0006.jpg
Ana_Palacio,brightness,0.65000000,1,0.99240291,0,Ana_Palacio/Ana_Palacio_0006.jpg
Ana_Palacio,brightness,0.50000000,1,0.98427653,0,Ana_Palacio/Ana_Palacio_0006.jpg
Ana_Palacio,brightness,0.35000000,1,0.97141469,0,Ana_Palacio/Ana_Palacio_0006.jpg
Ana_Palacio,rotation,0.00000000,1,1.00000012,0,Ana_Palacio/Ana_Palacio_0006.jpg
Ana_Palacio,rotation,3.00000000,1,0.99762058,0,Ana_Palacio/Ana_Palacio_0006.jpg
Ana_Palacio,rotation,6.00000000,1,0.99676204,0,Ana_Palacio/Ana_Palacio_0006.jpg
Ana_Palacio,rotation,10.00000000,1,0.99649858,0,Ana_Palacio/Ana_Palacio_0006.jpg
Ana_Palacio,rotation,15.00000000,1,0.99429393,0,Ana_Palacio/Ana_Palacio_0006.jpg
Ana_Palacio,rotation,20.00000000,1,0.99044591,0,Ana_Palacio/Ana_Palacio_0006.jpg
Ana_Palacio,blur,0.00000000,1,0.99597609,0,Ana_Palacio/Ana_Palacio_0006.jpg
Ana_Palacio,blur,1.00000000,1,0.99521399,0,Ana_Palacio/Ana_Palacio_0006.jpg
Ana_Palacio,blur,2.00000000,1,0.97159356,0,Ana_Palacio/Ana_Palacio_0006.jpg
Ana_Palacio,blur,3.00000000,1,0.92738301,0,Ana_Palacio/Ana_Palacio_0006.jpg
Ana_Palacio,blur,4.00000000,1,0.83249950,0,Ana_Palacio/Ana_Palacio_0006.jpg
Ana_Palacio,blur,5.00000000,0,0.71759307,0,Ana_Palacio/Ana_Palacio_0006.jpg
Ana_Palacio,occlusion,0.00000000,1,0.99872386,0,Ana_Palacio/Ana_Palacio_0006.jpg
Ana_Palacio,occlusion,0.10000000,0,nan,1,Ana_Palacio/Ana_Palacio_0006.jpg
Ana_Palacio,occlusion,0.15000000,0,nan,1,Ana_Palacio/Ana_Palacio_0006.jpg
Ana_Palacio,occlusion,0.20000000,0,nan,1,Ana_Palacio/Ana_Palacio_0006.jpg
Ana_Palacio,occlusion,0.25000000,0,nan,1,Ana_Palacio/Ana_Palacio_0006.jpg
Ana_Palacio,occlusion,0.30000000,0,nan,1,Ana_Palacio/Ana_Palacio_0006.jpg
Andre_Agassi,gaussian,0.00000000,1,0.99999988,0,Andre_Agassi/Andre_Agassi_0006.jpg
Andre_Agassi,gaussian,0.02000000,1,0.98451722,0,Andre_Agassi/Andre_Agassi_0006.jpg
Andre_Agassi,gaussian,0.05000000,1,0.91459394,0,Andre_Agassi/Andre_Agassi_0006.jpg
Andre_Agassi,gaussian,0.10000000,0,0.81377828,0,Andre_Agassi/Andre_Agassi_0006.jpg
Andre_Agassi,gaussian,0.20000000,0,nan,1,Andre_Agassi/Andre_Agassi_0006.jpg
Andre_Agassi,gaussian,0.30000000,0,nan,1,Andre_Agassi/Andre_Agassi_0006.jpg
Andre_Agassi,brightness,1.00000000,1,0.99999988,0,Andre_Agassi/Andre_Agassi_0006.jpg
Andre_Agassi,brightness,0.90000000,1,0.99879241,0,Andre_Agassi/Andre_Agassi_0006.jpg
Andre_Agassi,brightness,0.80000000,1,0.99678659,0,Andre_Agassi/Andre_Agassi_0006.jpg
Andre_Agassi,brightness,0.65000000,1,0.99027240,0,Andre_Agassi/Andre_Agassi_0006.jpg
Andre_Agassi,brightness,0.50000000,1,0.98118913,0,Andre_Agassi/Andre_Agassi_0006.jpg
Andre_Agassi,brightness,0.35000000,1,0.96517515,0,Andre_Agassi/Andre_Agassi_0006.jpg
Andre_Agassi,rotation,0.00000000,1,0.99999988,0,Andre_Agassi/Andre_Agassi_0006.jpg
Andre_Agassi,rotation,3.00000000,1,0.99604642,0,Andre_Agassi/Andre_Agassi_0006.jpg
Andre_Agassi,rotation,6.00000000,1,0.99397945,0,Andre_Agassi/Andre_Agassi_0006.jpg
Andre_Agassi,rotation,10.00000000,1,0.99483520,0,Andre_Agassi/Andre_Agassi_0006.jpg
Andre_Agassi,rotation,15.00000000,1,0.99255520,0,Andre_Agassi/Andre_Agassi_0006.jpg
Andre_Agassi,rotation,20.00000000,1,0.98667789,0,Andre_Agassi/Andre_Agassi_0006.jpg
Andre_Agassi,blur,0.00000000,1,0.99547714,0,Andre_Agassi/Andre_Agassi_0006.jpg
Andre_Agassi,blur,1.00000000,1,0.99411452,0,Andre_Agassi/Andre_Agassi_0006.jpg
Andre_Agassi,blur,2.00000000,1,0.95859122,0,Andre_Agassi/Andre_Agassi_0006.jpg
Andre_Agassi,blur,3.00000000,1,0.86775339,0,Andre_Agassi/Andre_Agassi_0006.jpg
Andre_Agassi,blur,4.00000000,0,0.74631971,0,Andre_Agassi/Andre_Agassi_0006.jpg
Andre_Agassi,blur,5.00000000,0,0.62185174,0,Andre_Agassi/Andre_Agassi_0006.jpg
Andre_Agassi,occlusion,0.00000000,1,0.99897218,0,Andre_Agassi/Andre_Agassi_0006.jpg
Andre_Agassi,occlusion,0.10000000,0,0.37983632,0,Andre_Agassi/Andre_Agassi_0006.jpg
Andre_Agassi,occlusion,0.15000000,0,nan,1,Andre_Agassi/Andre_Agassi_0006.jpg
Andre_Agassi,occlusion,0.20000000,0,nan,1,Andre_Agassi/Andre_Agassi_0006.jpg
Andre_Agassi,occlusion,0.25000000,0,nan,1,Andre_Agassi/Andre_Agassi_0006.jpg
Andre_Agassi,occlusion,0.30000000,0,nan,1,Andre_Agassi/Andre_Agassi_0006.jpg
Andy_Roddick,gaussian,0.00000000,1,1.00000000,0,Andy_Roddick/Andy_Roddick_0006.jpg
Andy_Roddick,gaussian,0.02000000,1,0.98641551,0,Andy_Roddick/Andy_Roddick_0006.jpg
Andy_Roddick,gaussian,0.05000000,1,0.91780734,0,Andy_Roddick/Andy_Roddick_0006.jpg
Andy_Roddick,gaussian,0.10000000,1,0.80734688,0,Andy_Roddick/Andy_Roddick_0006.jpg
Andy_Roddick,gaussian,0.20000000,0,nan,1,Andy_Roddick/Andy_Roddick_0006.jpg
Andy_Roddick,gaussian,0.30000000,0,nan,1,Andy_Roddick/Andy_Roddick_0006.jpg
Andy_Roddick,brightness,1.00000000,1,1.00000000,0,Andy_Roddick/Andy_Roddick_0006.jpg
Andy_Roddick,brightness,0.90000000,1,0.99907261,0,Andy_Roddick/Andy_Roddick_0006.jpg
Andy_Roddick,brightness,0.80000000,1,0.99662334,0,Andy_Roddick/Andy_Roddick_0006.jpg
Andy_Roddick,brightness,0.65000000,1,0.99058217,0,Andy_Roddick/Andy_Roddick_0006.jpg
Andy_Roddick,brightness,0.50000000,1,0.98318326,0,Andy_Roddick/Andy_Roddick_0006.jpg
Andy_Roddick,brightness,0.35000000,1,0.97017878,0,Andy_Roddick/Andy_Roddick_0006.jpg
Andy_Roddick,rotation,0.00000000,1,1.00000000,0,Andy_Roddick/Andy_Roddick_0006.jpg
Andy_Roddick,rotation,3.00000000,1,0.99562573,0,Andy_Roddick/Andy_Roddick_0006.jpg
Andy_Roddick,rotation,6.00000000,1,0.99338329,0,Andy_Roddick/Andy_Roddick_0006.jpg
Andy_Roddick,rotation,10.00000000,1,0.99384928,0,Andy_Roddick/Andy_Roddick_0006.jpg
Andy_Roddick,rotation,15.00000000,1,0.99003333,0,Andy_Roddick/Andy_Roddick_0006.jpg
Andy_Roddick,rotation,20.00000000,1,0.98079705,0,Andy_Roddick/Andy_Roddick_0006.jpg
Andy_Roddick,blur,0.00000000,1,0.99240720,0,Andy_Roddick/Andy_Roddick_0006.jpg
Andy_Roddick,blur,1.00000000,1,0.99033904,0,Andy_Roddick/Andy_Roddick_0006.jpg
Andy_Roddick,blur,2.00000000,1,0.94155955,0,Andy_Roddick/Andy_Roddick_0006.jpg
Andy_Roddick,blur,3.00000000,1,0.82754034,0,Andy_Roddick/Andy_Roddick_0006.jpg
Andy_Roddick,blur,4.00000000,1,0.70952547,0,Andy_Roddick/Andy_Roddick_0006.jpg
Andy_Roddick,blur,5.00000000,0,0.64245474,0,Andy_Roddick/Andy_Roddick_0006.jpg
Andy_Roddick,occlusion,0.00000000,1,0.99878716,0,Andy_Roddick/Andy_Roddick_0006.jpg
Andy_Roddick,occlusion,0.10000000,0,0.29182523,0,Andy_Roddick/Andy_Roddick_0006.jpg
Andy_Roddick,occlusion,0.15000000,0,nan,1,Andy_Roddick/Andy_Roddick_0006.jpg
Andy_Roddick,occlusion,0.20000000,0,nan,1,Andy_Roddick/Andy_Roddick_0006.jpg
Andy_Roddick,occlusion,0.25000000,0,nan,1,Andy_Roddick/Andy_Roddick_0006.jpg
Andy_Roddick,occlusion,0.30000000,0,nan,1,Andy_Roddick/Andy_Roddick_0006.jpg
Angela_Bassett,gaussian,0.00000000,1,1.00000000,0,Angela_Bassett/Angela_Bassett_0006.jpg
Angela_Bassett,gaussian,0.02000000,1,0.98578519,0,Angela_Bassett/Angela_Bassett_0006.jpg
Angela_Bassett,gaussian,0.05000000,1,0.93314183,0,Angela_Bassett/Angela_Bassett_0006.jpg
Angela_Bassett,gaussian,0.10000000,1,0.85221785,0,Angela_Bassett/Angela_Bassett_0006.jpg
Angela_Bassett,gaussian,0.20000000,0,nan,1,Angela_Bassett/Angela_Bassett_0006.jpg
Angela_Bassett,gaussian,0.30000000,0,nan,1,Angela_Bassett/Angela_Bassett_0006.jpg
Angela_Bassett,brightness,1.00000000,1,1.00000000,0,Angela_Bassett/Angela_Bassett_0006.jpg
Angela_Bassett,brightness,0.90000000,1,0.99903470,0,Angela_Bassett/Angela_Bassett_0006.jpg
Angela_Bassett,brightness,0.80000000,1,0.99708837,0,Angela_Bassett/Angela_Bassett_0006.jpg
Angela_Bassett,brightness,0.65000000,1,0.99243498,0,Angela_Bassett/Angela_Bassett_0006.jpg
Angela_Bassett,brightness,0.50000000,1,0.98540950,0,Angela_Bassett/Angela_Bassett_0006.jpg
Angela_Bassett,brightness,0.35000000,1,0.97509873,0,Angela_Bassett/Angela_Bassett_0006.jpg
Angela_Bassett,rotation,0.00000000,1,1.00000000,0,Angela_Bassett/Angela_Bassett_0006.jpg
Angela_Bassett,rotation,3.00000000,1,0.99675548,0,Angela_Bassett/Angela_Bassett_0006.jpg
Angela_Bassett,rotation,6.00000000,1,0.99685884,0,Angela_Bassett/Angela_Bassett_0006.jpg
Angela_Bassett,rotation,10.00000000,1,0.99628568,0,Angela_Bassett/Angela_Bassett_0006.jpg
Angela_Bassett,rotation,15.00000000,1,0.99231875,0,Angela_Bassett/Angela_Bassett_0006.jpg
Angela_Bassett,rotation,20.00000000,1,0.98765397,0,Angela_Bassett/Angela_Bassett_0006.jpg
Angela_Bassett,blur,0.00000000,1,0.99518454,0,Angela_Bassett/Angela_Bassett_0006.jpg
Angela_Bassett,blur,1.00000000,1,0.99370790,0,Angela_Bassett/Angela_Bassett_0006.jpg
Angela_Bassett,blur,2.00000000,1,0.95712370,0,Angela_Bassett/Angela_Bassett_0006.jpg
Angela_Bassett,blur,3.00000000,1,0.86636704,0,Angela_Bassett/Angela_Bassett_0006.jpg
Angela_Bassett,blur,4.00000000,0,0.69166815,0,Angela_Bassett/Angela_Bassett_0006.jpg
Angela_Bassett,blur,5.00000000,0,0.56285310,0,Angela_Bassett/Angela_Bassett_0006.jpg
Angela_Bassett,occlusion,0.00000000,1,0.99900872,0,Angela_Bassett/Angela_Bassett_0006.jpg
Angela_Bassett,occlusion,0.10000000,0,0.14742526,0,Angela_Bassett/Angela_Bassett_0006.jpg
Angela_Bassett,occlusion,0.15000000,0,0.14745702,0,Angela_Bassett/Angela_Bassett_0006.jpg
Angela_Bassett,occlusion,0.20000000,0,0.14842911,0,Angela_Bassett/Angela_Bassett_0006.jpg
Angela_Bassett,occlusion,0.25000000,0,0.15029472,0,Angela_Bassett/Angela_Bassett_0006.jpg
Angela_Bassett,occlusion,0.30000000,0,0.14153650,0,Angela_Bassett/Angela_Bassett_0006.jpg
Angelina_Jolie,gaussian,0.00000000,1,1.00000000,0,Angelina_Jolie/Angelina_Jolie_0006.jpg
Angelina_Jolie,gaussian,0.02000000,1,0.98776853,0,Angelina_Jolie/Angelina_Jolie_0006.jpg
Angelina_Jolie,gaussian,0.05000000,1,0.94489533,0,Angelina_Jolie/Angelina_Jolie_0006.jpg
Angelina_Jolie,gaussian,0.10000000,1,0.87673521,0,Angelina_Jolie/Angelina_Jolie_0006.jpg
Angelina_Jolie,gaussian,0.20000000,0,nan,1,Angelina_Jolie/Angelina_Jolie_0006.jpg
Angelina_Jolie,gaussian,0.30000000,0,nan,1,Angelina_Jolie/Angelina_Jolie_0006.jpg
Angelina_Jolie,brightness,1.00000000,1,1.00000000,0,Angelina_Jolie/Angelina_Jolie_0006.jpg
Angelina_Jolie,brightness,0.90000000,1,0.99916422,0,Angelina_Jolie/Angelina_Jolie_0006.jpg
Angelina_Jolie,brightness,0.80000000,1,0.99801362,0,Angelina_Jolie/Angelina_Jolie_0006.jpg
Angelina_Jolie,brightness,0.65000000,1,0.99555027,0,Angelina_Jolie/Angelina_Jolie_0006.jpg
Angelina_Jolie,brightness,0.50000000,1,0.99015617,0,Angelina_Jolie/Angelina_Jolie_0006.jpg
Angelina_Jolie,brightness,0.35000000,1,0.98189104,0,Angelina_Jolie/Angelina_Jolie_0006.jpg
Angelina_Jolie,rotation,0.00000000,1,1.00000000,0,Angelina_Jolie/Angelina_Jolie_0006.jpg
Angelina_Jolie,rotation,3.00000000,1,0.99622649,0,Angelina_Jolie/Angelina_Jolie_0006.jpg
Angelina_Jolie,rotation,6.00000000,1,0.99492192,0,Angelina_Jolie/Angelina_Jolie_0006.jpg
Angelina_Jolie,rotation,10.00000000,1,0.99411327,0,Angelina_Jolie/Angelina_Jolie_0006.jpg
Angelina_Jolie,rotation,15.00000000,1,0.99777436,0,Angelina_Jolie/Angelina_Jolie_0006.jpg
Angelina_Jolie,rotation,20.00000000,1,0.99188286,0,Angelina_Jolie/Angelina_Jolie_0006.jpg
Angelina_Jolie,blur,0.00000000,1,0.99268484,0,Angelina_Jolie/Angelina_Jolie_0006.jpg
Angelina_Jolie,blur,1.00000000,1,0.99055248,0,Angelina_Jolie/Angelina_Jolie_0006.jpg
Angelina_Jolie,blur,2.00000000,1,0.95526904,0,Angelina_Jolie/Angelina_Jolie_0006.jpg
Angelina_Jolie,blur,3.00000000,1,0.88488662,0,Angelina_Jolie/Angelina_Jolie_0006.jpg
Angelina_Jolie,blur,4.00000000,0,0.76471055,0,Angelina_Jolie/Angelina_Jolie_0006.jpg
Angelina_Jolie,blur,5.00000000,0,0.61437672,0,Angelina_Jolie/Angelina_Jolie_0006.jpg
Angelina_Jolie,occlusion,0.00000000,1,0.99884641,0,Angelina_Jolie/Angelina_Jolie_0006.jpg
Angelina_Jolie,occlusion,0.10000000,0,0.30862641,0,Angelina_Jolie/Angelina_Jolie_0006.jpg
Angelina_Jolie,occlusion,0.15000000,0,0.02735259,0,Angelina_Jolie/Angelina_Jolie_0006.jpg
Angelina_Jolie,occlusion,0.20000000,0,nan,1,Angelina_Jolie/Angelina_Jolie_0006.jpg
Angelina_Jolie,occlusion,0.25000000,0,nan,1,Angelina_Jolie/Angelina_Jolie_0006.jpg
Angelina_Jolie,occlusion,0.30000000,0,nan,1,Angelina_Jolie/Angelina_Jolie_0006.jpg
Ann_Veneman,gaussian,0.00000000,1,1.00000000,0,Ann_Veneman/Ann_Veneman_0006.jpg
Ann_Veneman,gaussian,0.02000000,1,0.99520892,0,Ann_Veneman/Ann_Veneman_0006.jpg
Ann_Veneman,gaussian,0.05000000,1,0.97100294,0,Ann_Veneman/Ann_Veneman_0006.jpg
Ann_Veneman,gaussian,0.10000000,1,0.92234159,0,Ann_Veneman/Ann_Veneman_0006.jpg
Ann_Veneman,gaussian,0.20000000,0,nan,1,Ann_Veneman/Ann_Veneman_0006.jpg
Ann_Veneman,gaussian,0.30000000,0,nan,1,Ann_Veneman/Ann_Veneman_0006.jpg
Ann_Veneman,brightness,1.00000000,1,1.00000000,0,Ann_Veneman/Ann_Veneman_0006.jpg
Ann_Veneman,brightness,0.90000000,1,0.99923229,0,Ann_Veneman/Ann_Veneman_0006.jpg
Ann_Veneman,brightness,0.80000000,1,0.99747491,0,Ann_Veneman/Ann_Veneman_0006.jpg
Ann_Veneman,brightness,0.65000000,1,0.99419981,0,Ann_Veneman/Ann_Veneman_0006.jpg
Ann_Veneman,brightness,0.50000000,1,0.98978168,0,Ann_Veneman/Ann_Veneman_0006.jpg
Ann_Veneman,brightness,0.35000000,1,0.98279077,0,Ann_Veneman/Ann_Veneman_0006.jpg
Ann_Veneman,rotation,0.00000000,1,1.00000000,0,Ann_Veneman/Ann_Veneman_0006.jpg
Ann_Veneman,rotation,3.00000000,1,0.99636471,0,Ann_Veneman/Ann_Veneman_0006.jpg
Ann_Veneman,rotation,6.00000000,1,0.99664760,0,Ann_Veneman/Ann_Veneman_0006.jpg
Ann_Veneman,rotation,10.00000000,1,0.99526489,0,Ann_Veneman/Ann_Veneman_0006.jpg
Ann_Veneman,rotation,15.00000000,1,0.99349642,0,Ann_Veneman/Ann_Veneman_0006.jpg
Ann_Veneman,rotation,20.00000000,1,0.99012321,0,Ann_Veneman/Ann_Veneman_0006.jpg
Ann_Veneman,blur,0.00000000,1,0.99174714,0,Ann_Veneman/Ann_Veneman_0006.jpg
Ann_Veneman,blur,1.00000000,1,0.99062198,0,Ann_Veneman/Ann_Veneman_0006.jpg
Ann_Veneman,blur,2.00000000,1,0.96620470,0,Ann_Veneman/Ann_Veneman_0006.jpg
Ann_Veneman,blur,3.00000000,1,0.89468026,0,Ann_Veneman/Ann_Veneman_0006.jpg
Ann_Veneman,blur,4.00000000,0,0.72025228,0,Ann_Veneman/Ann_Veneman_0006.jpg
Ann_Veneman,blur,5.00000000,0,0.56811720,0,Ann_Veneman/Ann_Veneman_0006.jpg
Ann_Veneman,occlusion,0.00000000,1,0.99925303,0,Ann_Veneman/Ann_Veneman_0006.jpg
Ann_Veneman,occlusion,0.10000000,0,0.36826208,0,Ann_Veneman/Ann_Veneman_0006.jpg
Ann_Veneman,occlusion,0.15000000,0,nan,1,Ann_Veneman/Ann_Veneman_0006.jpg
Ann_Veneman,occlusion,0.20000000,0,nan,1,Ann_Veneman/Ann_Veneman_0006.jpg
Ann_Veneman,occlusion,0.25000000,0,nan,1,Ann_Veneman/Ann_Veneman_0006.jpg
Ann_Veneman,occlusion,0.30000000,0,nan,1,Ann_Veneman/Ann_Veneman_0006.jpg
Anna_Kournikova,gaussian,0.00000000,0,1.00000000,0,Anna_Kournikova/Anna_Kournikova_0006.jpg
Anna_Kournikova,gaussian,0.02000000,1,0.98209214,0,Anna_Kournikova/Anna_Kournikova_0006.jpg
Anna_Kournikova,gaussian,0.05000000,1,0.92640293,0,Anna_Kournikova/Anna_Kournikova_0006.jpg
Anna_Kournikova,gaussian,0.10000000,0,0.82726967,0,Anna_Kournikova/Anna_Kournikova_0006.jpg
Anna_Kournikova,gaussian,0.20000000,0,nan,1,Anna_Kournikova/Anna_Kournikova_0006.jpg
Anna_Kournikova,gaussian,0.30000000,0,nan,1,Anna_Kournikova/Anna_Kournikova_0006.jpg
Anna_Kournikova,brightness,1.00000000,0,1.00000000,0,Anna_Kournikova/Anna_Kournikova_0006.jpg
Anna_Kournikova,brightness,0.90000000,0,0.99910349,0,Anna_Kournikova/Anna_Kournikova_0006.jpg
Anna_Kournikova,brightness,0.80000000,0,0.99752939,0,Anna_Kournikova/Anna_Kournikova_0006.jpg
Anna_Kournikova,brightness,0.65000000,0,0.99489105,0,Anna_Kournikova/Anna_Kournikova_0006.jpg
Anna_Kournikova,brightness,0.50000000,0,0.98835623,0,Anna_Kournikova/Anna_Kournikova_0006.jpg
Anna_Kournikova,brightness,0.35000000,0,0.97461605,0,Anna_Kournikova/Anna_Kournikova_0006.jpg
Anna_Kournikova,rotation,0.00000000,0,1.00000000,0,Anna_Kournikova/Anna_Kournikova_0006.jpg
Anna_Kournikova,rotation,3.00000000,0,0.99833763,0,Anna_Kournikova/Anna_Kournikova_0006.jpg
Anna_Kournikova,rotation,6.00000000,0,0.99756336,0,Anna_Kournikova/Anna_Kournikova_0006.jpg
Anna_Kournikova,rotation,10.00000000,0,0.99815190,0,Anna_Kournikova/Anna_Kournikova_0006.jpg
Anna_Kournikova,rotation,15.00000000,1,0.99248254,0,Anna_Kournikova/Anna_Kournikova_0006.jpg
Anna_Kournikova,rotation,20.00000000,1,0.98946095,0,Anna_Kournikova/Anna_Kournikova_0006.jpg
Anna_Kournikova,blur,0.00000000,0,0.99561989,0,Anna_Kournikova/Anna_Kournikova_0006.jpg
Anna_Kournikova,blur,1.00000000,0,0.99485838,0,Anna_Kournikova/Anna_Kournikova_0006.jpg
Anna_Kournikova,blur,2.00000000,1,0.96819353,0,Anna_Kournikova/Anna_Kournikova_0006.jpg
Anna_Kournikova,blur,3.00000000,1,0.90476775,0,Anna_Kournikova/Anna_Kournikova_0006.jpg
Anna_Kournikova,blur,4.00000000,0,0.80744588,0,Anna_Kournikova/Anna_Kournikova_0006.jpg
Anna_Kournikova,blur,5.00000000,0,0.70758820,0,Anna_Kournikova/Anna_Kournikova_0006.jpg
Anna_Kournikova,occlusion,0.00000000,0,0.99739987,0,Anna_Kournikova/Anna_Kournikova_0006.jpg
Anna_Kournikova,occlusion,0.10000000,0,0.41246769,0,Anna_Kournikova/Anna_Kournikova_0006.jpg
Anna_Kournikova,occlusion,0.15000000,0,nan,1,Anna_Kournikova/Anna_Kournikova_0006.jpg
Anna_Kournikova,occlusion,0.20000000,0,nan,1,Anna_Kournikova/Anna_Kournikova_0006.jpg
Anna_Kournikova,occlusion,0.25000000,0,nan,1,Anna_Kournikova/Anna_Kournikova_0006.jpg
Anna_Kournikova,occlusion,0.30000000,0,nan,1,Anna_Kournikova/Anna_Kournikova_0006.jpg
Antonio_Palocci,gaussian,0.00000000,1,1.00000000,0,Antonio_Palocci/Antonio_Palocci_0006.jpg
Antonio_Palocci,gaussian,0.02000000,1,0.98115140,0,Antonio_Palocci/Antonio_Palocci_0006.jpg
Antonio_Palocci,gaussian,0.05000000,1,0.94450557,0,Antonio_Palocci/Antonio_Palocci_0006.jpg
Antonio_Palocci,gaussian,0.10000000,0,0.81033480,0,Antonio_Palocci/Antonio_Palocci_0006.jpg
Antonio_Palocci,gaussian,0.20000000,0,nan,1,Antonio_Palocci/Antonio_Palocci_0006.jpg
Antonio_Palocci,gaussian,0.30000000,0,nan,1,Antonio_Palocci/Antonio_Palocci_0006.jpg
Antonio_Palocci,brightness,1.00000000,1,1.00000000,0,Antonio_Palocci/Antonio_Palocci_0006.jpg
Antonio_Palocci,brightness,0.90000000,1,0.99920601,0,Antonio_Palocci/Antonio_Palocci_0006.jpg
Antonio_Palocci,brightness,0.80000000,1,0.99741280,0,Antonio_Palocci/Antonio_Palocci_0006.jpg
Antonio_Palocci,brightness,0.65000000,1,0.99294907,0,Antonio_Palocci/Antonio_Palocci_0006.jpg
Antonio_Palocci,brightness,0.50000000,1,0.98703271,0,Antonio_Palocci/Antonio_Palocci_0006.jpg
Antonio_Palocci,brightness,0.35000000,1,0.97142678,0,Antonio_Palocci/Antonio_Palocci_0006.jpg
Antonio_Palocci,rotation,0.00000000,1,1.00000000,0,Antonio_Palocci/Antonio_Palocci_0006.jpg
Antonio_Palocci,rotation,3.00000000,1,0.99179596,0,Antonio_Palocci/Antonio_Palocci_0006.jpg
Antonio_Palocci,rotation,6.00000000,1,0.99285346,0,Antonio_Palocci/Antonio_Palocci_0006.jpg
Antonio_Palocci,rotation,10.00000000,1,0.99539733,0,Antonio_Palocci/Antonio_Palocci_0006.jpg
Antonio_Palocci,rotation,15.00000000,1,0.99446988,0,Antonio_Palocci/Antonio_Palocci_0006.jpg
Antonio_Palocci,rotation,20.00000000,1,0.98694700,0,Antonio_Palocci/Antonio_Palocci_0006.jpg
Antonio_Palocci,blur,0.00000000,1,0.99112368,0,Antonio_Palocci/Antonio_Palocci_0006.jpg
Antonio_Palocci,blur,1.00000000,1,0.98882532,0,Antonio_Palocci/Antonio_Palocci_0006.jpg
Antonio_Palocci,blur,2.00000000,1,0.94782585,0,Antonio_Palocci/Antonio_Palocci_0006.jpg
Antonio_Palocci,blur,3.00000000,1,0.87366402,0,Antonio_Palocci/Antonio_Palocci_0006.jpg
Antonio_Palocci,blur,4.00000000,0,0.77249110,0,Antonio_Palocci/Antonio_Palocci_0006.jpg
Antonio_Palocci,blur,5.00000000,0,0.67534602,0,Antonio_Palocci/Antonio_Palocci_0006.jpg
Antonio_Palocci,occlusion,0.00000000,1,0.99519223,0,Antonio_Palocci/Antonio_Palocci_0006.jpg
Antonio_Palocci,occlusion,0.10000000,0,nan,1,Antonio_Palocci/Antonio_Palocci_0006.jpg
Antonio_Palocci,occlusion,0.15000000,0,nan,1,Antonio_Palocci/Antonio_Palocci_0006.jpg
Antonio_Palocci,occlusion,0.20000000,0,nan,1,Antonio_Palocci/Antonio_Palocci_0006.jpg
Antonio_Palocci,occlusion,0.25000000,0,nan,1,Antonio_Palocci/Antonio_Palocci_0006.jpg
Antonio_Palocci,occlusion,0.30000000,0,nan,1,Antonio_Palocci/Antonio_Palocci_0006.jpg
Ari_Fleischer,gaussian,0.00000000,1,1.00000000,0,Ari_Fleischer/Ari_Fleischer_0006.jpg
Ari_Fleischer,gaussian,0.02000000,1,0.98851538,0,Ari_Fleischer/Ari_Fleischer_0006.jpg
Ari_Fleischer,gaussian,0.05000000,1,0.97060138,0,Ari_Fleischer/Ari_Fleischer_0006.jpg
Ari_Fleischer,gaussian,0.10000000,1,0.91979969,0,Ari_Fleischer/Ari_Fleischer_0006.jpg
Ari_Fleischer,gaussian,0.20000000,0,nan,1,Ari_Fleischer/Ari_Fleischer_0006.jpg
Ari_Fleischer,gaussian,0.30000000,0,nan,1,Ari_Fleischer/Ari_Fleischer_0006.jpg
Ari_Fleischer,brightness,1.00000000,1,1.00000000,0,Ari_Fleischer/Ari_Fleischer_0006.jpg
Ari_Fleischer,brightness,0.90000000,1,0.99930549,0,Ari_Fleischer/Ari_Fleischer_0006.jpg
Ari_Fleischer,brightness,0.80000000,1,0.99822658,0,Ari_Fleischer/Ari_Fleischer_0006.jpg
Ari_Fleischer,brightness,0.65000000,1,0.99518812,0,Ari_Fleischer/Ari_Fleischer_0006.jpg
Ari_Fleischer,brightness,0.50000000,1,0.99078095,0,Ari_Fleischer/Ari_Fleischer_0006.jpg
Ari_Fleischer,brightness,0.35000000,1,0.98163223,0,Ari_Fleischer/Ari_Fleischer_0006.jpg
Ari_Fleischer,rotation,0.00000000,1,1.00000000,0,Ari_Fleischer/Ari_Fleischer_0006.jpg
Ari_Fleischer,rotation,3.00000000,1,0.99401522,0,Ari_Fleischer/Ari_Fleischer_0006.jpg
Ari_Fleischer,rotation,6.00000000,1,0.99489897,0,Ari_Fleischer/Ari_Fleischer_0006.jpg
Ari_Fleischer,rotation,10.00000000,1,0.99443430,0,Ari_Fleischer/Ari_Fleischer_0006.jpg
Ari_Fleischer,rotation,15.00000000,1,0.99350631,0,Ari_Fleischer/Ari_Fleischer_0006.jpg
Ari_Fleischer,rotation,20.00000000,1,0.98975837,0,Ari_Fleischer/Ari_Fleischer_0006.jpg
Ari_Fleischer,blur,0.00000000,1,0.99161822,0,Ari_Fleischer/Ari_Fleischer_0006.jpg
Ari_Fleischer,blur,1.00000000,1,0.99035478,0,Ari_Fleischer/Ari_Fleischer_0006.jpg
Ari_Fleischer,blur,2.00000000,1,0.96886873,0,Ari_Fleischer/Ari_Fleischer_0006.jpg
Ari_Fleischer,blur,3.00000000,1,0.90842402,0,Ari_Fleischer/Ari_Fleischer_0006.jpg
Ari_Fleischer,blur,4.00000000,1,0.81344962,0,Ari_Fleischer/Ari_Fleischer_0006.jpg
Ari_Fleischer,blur,5.00000000,1,0.71835691,0,Ari_Fleischer/Ari_Fleischer_0006.jpg
Ari_Fleischer,occlusion,0.00000000,1,0.99905944,0,Ari_Fleischer/Ari_Fleischer_0006.jpg
Ari_Fleischer,occlusion,0.10000000,0,nan,1,Ari_Fleischer/Ari_Fleischer_0006.jpg
Ari_Fleischer,occlusion,0.15000000,0,nan,1,Ari_Fleischer/Ari_Fleischer_0006.jpg
Ari_Fleischer,occlusion,0.20000000,0,nan,1,Ari_Fleischer/Ari_Fleischer_0006.jpg
Ari_Fleischer,occlusion,0.25000000,0,nan,1,Ari_Fleischer/Ari_Fleischer_0006.jpg
Ari_Fleischer,occlusion,0.30000000,0,nan,1,Ari_Fleischer/Ari_Fleischer_0006.jpg
Ariel_Sharon,gaussian,0.00000000,1,1.00000000,0,Ariel_Sharon/Ariel_Sharon_0006.jpg
Ariel_Sharon,gaussian,0.02000000,1,0.98528248,0,Ariel_Sharon/Ariel_Sharon_0006.jpg
Ariel_Sharon,gaussian,0.05000000,0,0.95750105,0,Ariel_Sharon/Ariel_Sharon_0006.jpg
Ariel_Sharon,gaussian,0.10000000,0,0.84310842,0,Ariel_Sharon/Ariel_Sharon_0006.jpg
Ariel_Sharon,gaussian,0.20000000,0,nan,1,Ariel_Sharon/Ariel_Sharon_0006.jpg
Ariel_Sharon,gaussian,0.30000000,0,nan,1,Ariel_Sharon/Ariel_Sharon_0006.jpg
Ariel_Sharon,brightness,1.00000000,1,1.00000000,0,Ariel_Sharon/Ariel_Sharon_0006.jpg
Ariel_Sharon,brightness,0.90000000,1,0.99938548,0,Ariel_Sharon/Ariel_Sharon_0006.jpg
Ariel_Sharon,brightness,0.80000000,1,0.99772578,0,Ariel_Sharon/Ariel_Sharon_0006.jpg
Ariel_Sharon,brightness,0.65000000,0,0.99512786,0,Ariel_Sharon/Ariel_Sharon_0006.jpg
Ariel_Sharon,brightness,0.50000000,0,0.98769641,0,Ariel_Sharon/Ariel_Sharon_0006.jpg
Ariel_Sharon,brightness,0.35000000,0,0.97987390,0,Ariel_Sharon/Ariel_Sharon_0006.jpg
Ariel_Sharon,rotation,0.00000000,1,1.00000000,0,Ariel_Sharon/Ariel_Sharon_0006.jpg
Ariel_Sharon,rotation,3.00000000,1,0.99730605,0,Ariel_Sharon/Ariel_Sharon_0006.jpg
Ariel_Sharon,rotation,6.00000000,1,0.99564028,0,Ariel_Sharon/Ariel_Sharon_0006.jpg
Ariel_Sharon,rotation,10.00000000,1,0.99220282,0,Ariel_Sharon/Ariel_Sharon_0006.jpg
Ariel_Sharon,rotation,15.00000000,1,0.99067748,0,Ariel_Sharon/Ariel_Sharon_0006.jpg
Ariel_Sharon,rotation,20.00000000,1,0.98836923,0,Ariel_Sharon/Ariel_Sharon_0006.jpg
Ariel_Sharon,blur,0.00000000,0,0.99542290,0,Ariel_Sharon/Ariel_Sharon_0006.jpg
Ariel_Sharon,blur,1.00000000,1,0.99460554,0,Ariel_Sharon/Ariel_Sharon_0006.jpg
Ariel_Sharon,blur,2.00000000,0,0.96352911,0,Ariel_Sharon/Ariel_Sharon_0006.jpg
Ariel_Sharon,blur,3.00000000,0,0.88865447,0,Ariel_Sharon/Ariel_Sharon_0006.jpg
Ariel_Sharon,blur,4.00000000,0,0.77781481,0,Ariel_Sharon/Ariel_Sharon_0006.jpg
Ariel_Sharon,blur,5.00000000,0,0.66321230,0,Ariel_Sharon/Ariel_Sharon_0006.jpg
Ariel_Sharon,occlusion,0.00000000,1,0.99897635,0,Ariel_Sharon/Ariel_Sharon_0006.jpg
Ariel_Sharon,occlusion,0.10000000,0,0.40120536,0,Ariel_Sharon/Ariel_Sharon_0006.jpg
Ariel_Sharon,occlusion,0.15000000,0,nan,1,Ariel_Sharon/Ariel_Sharon_0006.jpg
Ariel_Sharon,occlusion,0.20000000,0,nan,1,Ariel_Sharon/Ariel_Sharon_0006.jpg
Ariel_Sharon,occlusion,0.25000000,0,nan,1,Ariel_Sharon/Ariel_Sharon_0006.jpg
Ariel_Sharon,occlusion,0.30000000,0,nan,1,Ariel_Sharon/Ariel_Sharon_0006.jpg
Arminio_Fraga,gaussian,0.00000000,1,1.00000000,0,Arminio_Fraga/Arminio_Fraga_0006.jpg
Arminio_Fraga,gaussian,0.02000000,1,0.98860770,0,Arminio_Fraga/Arminio_Fraga_0006.jpg
Arminio_Fraga,gaussian,0.05000000,1,0.95319223,0,Arminio_Fraga/Arminio_Fraga_0006.jpg
Arminio_Fraga,gaussian,0.10000000,1,0.88286316,0,Arminio_Fraga/Arminio_Fraga_0006.jpg
Arminio_Fraga,gaussian,0.20000000,0,nan,1,Arminio_Fraga/Arminio_Fraga_0006.jpg
Arminio_Fraga,gaussian,0.30000000,0,nan,1,Arminio_Fraga/Arminio_Fraga_0006.jpg
Arminio_Fraga,brightness,1.00000000,1,1.00000000,0,Arminio_Fraga/Arminio_Fraga_0006.jpg
Arminio_Fraga,brightness,0.90000000,1,0.99955678,0,Arminio_Fraga/Arminio_Fraga_0006.jpg
Arminio_Fraga,brightness,0.80000000,1,0.99887943,0,Arminio_Fraga/Arminio_Fraga_0006.jpg
Arminio_Fraga,brightness,0.65000000,1,0.99668264,0,Arminio_Fraga/Arminio_Fraga_0006.jpg
Arminio_Fraga,brightness,0.50000000,1,0.99280286,0,Arminio_Fraga/Arminio_Fraga_0006.jpg
Arminio_Fraga,brightness,0.35000000,1,0.98360616,0,Arminio_Fraga/Arminio_Fraga_0006.jpg
Arminio_Fraga,rotation,0.00000000,1,1.00000000,0,Arminio_Fraga/Arminio_Fraga_0006.jpg
Arminio_Fraga,rotation,3.00000000,1,0.99740350,0,Arminio_Fraga/Arminio_Fraga_0006.jpg
Arminio_Fraga,rotation,6.00000000,1,0.99375069,0,Arminio_Fraga/Arminio_Fraga_0006.jpg
Arminio_Fraga,rotation,10.00000000,1,0.99349391,0,Arminio_Fraga/Arminio_Fraga_0006.jpg
Arminio_Fraga,rotation,15.00000000,1,0.98828024,0,Arminio_Fraga/Arminio_Fraga_0006.jpg
Arminio_Fraga,rotation,20.00000000,1,0.98253453,0,Arminio_Fraga/Arminio_Fraga_0006.jpg
Arminio_Fraga,blur,0.00000000,1,0.99183321,0,Arminio_Fraga/Arminio_Fraga_0006.jpg
Arminio_Fraga,blur,1.00000000,1,0.98999274,0,Arminio_Fraga/Arminio_Fraga_0006.jpg
Arminio_Fraga,blur,2.00000000,1,0.94989783,0,Arminio_Fraga/Arminio_Fraga_0006.jpg
Arminio_Fraga,blur,3.00000000,1,0.89372826,0,Arminio_Fraga/Arminio_Fraga_0006.jpg
Arminio_Fraga,blur,4.00000000,1,0.82668257,0,Arminio_Fraga/Arminio_Fraga_0006.jpg
Arminio_Fraga,blur,5.00000000,1,0.75430918,0,Arminio_Fraga/Arminio_Fraga_0006.jpg
Arminio_Fraga,occlusion,0.00000000,1,0.99945420,0,Arminio_Fraga/Arminio_Fraga_0006.jpg
Arminio_Fraga,occlusion,0.10000000,0,0.46258903,0,Arminio_Fraga/Arminio_Fraga_0006.jpg
Arminio_Fraga,occlusion,0.15000000,0,nan,1,Arminio_Fraga/Arminio_Fraga_0006.jpg
Arminio_Fraga,occlusion,0.20000000,0,nan,1,Arminio_Fraga/Arminio_Fraga_0006.jpg
Arminio_Fraga,occlusion,0.25000000,0,nan,1,Arminio_Fraga/Arminio_Fraga_0006.jpg
Arminio_Fraga,occlusion,0.30000000,0,nan,1,Arminio_Fraga/Arminio_Fraga_0006.jpg
Arnold_Schwarzenegger,gaussian,0.00000000,0,0.99999988,0,Arnold_Schwarzenegger/Arnold_Schwarzenegger_0006.jpg
Arnold_Schwarzenegger,gaussian,0.02000000,1,0.98668367,0,Arnold_Schwarzenegger/Arnold_Schwarzenegger_0006.jpg
Arnold_Schwarzenegger,gaussian,0.05000000,0,0.95322847,0,Arnold_Schwarzenegger/Arnold_Schwarzenegger_0006.jpg
Arnold_Schwarzenegger,gaussian,0.10000000,1,0.87374437,0,Arnold_Schwarzenegger/Arnold_Schwarzenegger_0006.jpg
Arnold_Schwarzenegger,gaussian,0.20000000,0,nan,1,Arnold_Schwarzenegger/Arnold_Schwarzenegger_0006.jpg
Arnold_Schwarzenegger,gaussian,0.30000000,0,nan,1,Arnold_Schwarzenegger/Arnold_Schwarzenegger_0006.jpg
Arnold_Schwarzenegger,brightness,1.00000000,0,0.99999988,0,Arnold_Schwarzenegger/Arnold_Schwarzenegger_0006.jpg
Arnold_Schwarzenegger,brightness,0.90000000,1,0.99917138,0,Arnold_Schwarzenegger/Arnold_Schwarzenegger_0006.jpg
Arnold_Schwarzenegger,brightness,0.80000000,0,0.99777162,0,Arnold_Schwarzenegger/Arnold_Schwarzenegger_0006.jpg
Arnold_Schwarzenegger,brightness,0.65000000,0,0.99342263,0,Arnold_Schwarzenegger/Arnold_Schwarzenegger_0006.jpg
Arnold_Schwarzenegger,brightness,0.50000000,0,0.98615390,0,Arnold_Schwarzenegger/Arnold_Schwarzenegger_0006.jpg
Arnold_Schwarzenegger,brightness,0.35000000,0,0.97308129,0,Arnold_Schwarzenegger/Arnold_Schwarzenegger_0006.jpg
Arnold_Schwarzenegger,rotation,0.00000000,0,0.99999988,0,Arnold_Schwarzenegger/Arnold_Schwarzenegger_0006.jpg
Arnold_Schwarzenegger,rotation,3.00000000,1,0.99737608,0,Arnold_Schwarzenegger/Arnold_Schwarzenegger_0006.jpg
Arnold_Schwarzenegger,rotation,6.00000000,1,0.99760610,0,Arnold_Schwarzenegger/Arnold_Schwarzenegger_0006.jpg
Arnold_Schwarzenegger,rotation,10.00000000,1,0.99812824,0,Arnold_Schwarzenegger/Arnold_Schwarzenegger_0006.jpg
Arnold_Schwarzenegger,rotation,15.00000000,1,0.99705952,0,Arnold_Schwarzenegger/Arnold_Schwarzenegger_0006.jpg
Arnold_Schwarzenegger,rotation,20.00000000,1,0.98994899,0,Arnold_Schwarzenegger/Arnold_Schwarzenegger_0006.jpg
Arnold_Schwarzenegger,blur,0.00000000,1,0.99368554,0,Arnold_Schwarzenegger/Arnold_Schwarzenegger_0006.jpg
Arnold_Schwarzenegger,blur,1.00000000,0,0.99289262,0,Arnold_Schwarzenegger/Arnold_Schwarzenegger_0006.jpg
Arnold_Schwarzenegger,blur,2.00000000,1,0.96515191,0,Arnold_Schwarzenegger/Arnold_Schwarzenegger_0006.jpg
Arnold_Schwarzenegger,blur,3.00000000,1,0.88163114,0,Arnold_Schwarzenegger/Arnold_Schwarzenegger_0006.jpg
Arnold_Schwarzenegger,blur,4.00000000,0,0.78667486,0,Arnold_Schwarzenegger/Arnold_Schwarzenegger_0006.jpg
Arnold_Schwarzenegger,blur,5.00000000,0,0.69058609,0,Arnold_Schwarzenegger/Arnold_Schwarzenegger_0006.jpg
Arnold_Schwarzenegger,occlusion,0.00000000,1,0.99889123,0,Arnold_Schwarzenegger/Arnold_Schwarzenegger_0006.jpg
Arnold_Schwarzenegger,occlusion,0.10000000,0,nan,1,Arnold_Schwarzenegger/Arnold_Schwarzenegger_0006.jpg
Arnold_Schwarzenegger,occlusion,0.15000000,0,nan,1,Arnold_Schwarzenegger/Arnold_Schwarzenegger_0006.jpg
Arnold_Schwarzenegger,occlusion,0.20000000,0,nan,1,Arnold_Schwarzenegger/Arnold_Schwarzenegger_0006.jpg
Arnold_Schwarzenegger,occlusion,0.25000000,0,nan,1,Arnold_Schwarzenegger/Arnold_Schwarzenegger_0006.jpg
Arnold_Schwarzenegger,occlusion,0.30000000,0,nan,1,Arnold_Schwarzenegger/Arnold_Schwarzenegger_0006.jpg
Atal_Bihari_Vajpayee,gaussian,0.00000000,0,1.00000000,0,Atal_Bihari_Vajpayee/Atal_Bihari_Vajpayee_0006.jpg
Atal_Bihari_Vajpayee,gaussian,0.02000000,0,0.99047160,0,Atal_Bihari_Vajpayee/Atal_Bihari_Vajpayee_0006.jpg
Atal_Bihari_Vajpayee,gaussian,0.05000000,0,0.95439613,0,Atal_Bihari_Vajpayee/Atal_Bihari_Vajpayee_0006.jpg
Atal_Bihari_Vajpayee,gaussian,0.10000000,0,0.84468806,0,Atal_Bihari_Vajpayee/Atal_Bihari_Vajpayee_0006.jpg
Atal_Bihari_Vajpayee,gaussian,0.20000000,0,nan,1,Atal_Bihari_Vajpayee/Atal_Bihari_Vajpayee_0006.jpg
Atal_Bihari_Vajpayee,gaussian,0.30000000,0,nan,1,Atal_Bihari_Vajpayee/Atal_Bihari_Vajpayee_0006.jpg
Atal_Bihari_Vajpayee,brightness,1.00000000,0,1.00000000,0,Atal_Bihari_Vajpayee/Atal_Bihari_Vajpayee_0006.jpg
Atal_Bihari_Vajpayee,brightness,0.90000000,0,0.99929368,0,Atal_Bihari_Vajpayee/Atal_Bihari_Vajpayee_0006.jpg
Atal_Bihari_Vajpayee,brightness,0.80000000,0,0.99765009,0,Atal_Bihari_Vajpayee/Atal_Bihari_Vajpayee_0006.jpg
Atal_Bihari_Vajpayee,brightness,0.65000000,0,0.99293423,0,Atal_Bihari_Vajpayee/Atal_Bihari_Vajpayee_0006.jpg
Atal_Bihari_Vajpayee,brightness,0.50000000,0,0.98794180,0,Atal_Bihari_Vajpayee/Atal_Bihari_Vajpayee_0006.jpg
Atal_Bihari_Vajpayee,brightness,0.35000000,0,0.98170388,0,Atal_Bihari_Vajpayee/Atal_Bihari_Vajpayee_0006.jpg
Atal_Bihari_Vajpayee,rotation,0.00000000,0,1.00000000,0,Atal_Bihari_Vajpayee/Atal_Bihari_Vajpayee_0006.jpg
Atal_Bihari_Vajpayee,rotation,3.00000000,0,0.99408019,0,Atal_Bihari_Vajpayee/Atal_Bihari_Vajpayee_0006.jpg
Atal_Bihari_Vajpayee,rotation,6.00000000,0,0.99284708,0,Atal_Bihari_Vajpayee/Atal_Bihari_Vajpayee_0006.jpg
Atal_Bihari_Vajpayee,rotation,10.00000000,0,0.99296844,0,Atal_Bihari_Vajpayee/Atal_Bihari_Vajpayee_0006.jpg
Atal_Bihari_Vajpayee,rotation,15.00000000,0,0.99096775,0,Atal_Bihari_Vajpayee/Atal_Bihari_Vajpayee_0006.jpg
Atal_Bihari_Vajpayee,rotation,20.00000000,0,0.99099815,0,Atal_Bihari_Vajpayee/Atal_Bihari_Vajpayee_0006.jpg
Atal_Bihari_Vajpayee,blur,0.00000000,0,0.98977107,0,Atal_Bihari_Vajpayee/Atal_Bihari_Vajpayee_0006.jpg
Atal_Bihari_Vajpayee,blur,1.00000000,0,0.98764056,0,Atal_Bihari_Vajpayee/Atal_Bihari_Vajpayee_0006.jpg
Atal_Bihari_Vajpayee,blur,2.00000000,0,0.91750515,0,Atal_Bihari_Vajpayee/Atal_Bihari_Vajpayee_0006.jpg
Atal_Bihari_Vajpayee,blur,3.00000000,0,0.79488361,0,Atal_Bihari_Vajpayee/Atal_Bihari_Vajpayee_0006.jpg
Atal_Bihari_Vajpayee,blur,4.00000000,0,0.67015171,0,Atal_Bihari_Vajpayee/Atal_Bihari_Vajpayee_0006.jpg
Atal_Bihari_Vajpayee,blur,5.00000000,0,0.56710792,0,Atal_Bihari_Vajpayee/Atal_Bihari_Vajpayee_0006.jpg
Atal_Bihari_Vajpayee,occlusion,0.00000000,0,0.99608898,0,Atal_Bihari_Vajpayee/Atal_Bihari_Vajpayee_0006.jpg
Atal_Bihari_Vajpayee,occlusion,0.10000000,0,nan,1,Atal_Bihari_Vajpayee/Atal_Bihari_Vajpayee_0006.jpg
Atal_Bihari_Vajpayee,occlusion,0.15000000,0,nan,1,Atal_Bihari_Vajpayee/Atal_Bihari_Vajpayee_0006.jpg
Atal_Bihari_Vajpayee,occlusion,0.20000000,0,nan,1,Atal_Bihari_Vajpayee/Atal_Bihari_Vajpayee_0006.jpg
Atal_Bihari_Vajpayee,occlusion,0.25000000,0,nan,1,Atal_Bihari_Vajpayee/Atal_Bihari_Vajpayee_0006.jpg
Atal_Bihari_Vajpayee,occlusion,0.30000000,0,nan,1,Atal_Bihari_Vajpayee/Atal_Bihari_Vajpayee_0006.jpg
Ben_Affleck,gaussian,0.00000000,1,1.00000012,0,Ben_Affleck/Ben_Affleck_0006.jpg
Ben_Affleck,gaussian,0.02000000,1,0.98457474,0,Ben_Affleck/Ben_Affleck_0006.jpg
Ben_Affleck,gaussian,0.05000000,1,0.91941780,0,Ben_Affleck/Ben_Affleck_0006.jpg
Ben_Affleck,gaussian,0.10000000,0,0.80924749,0,Ben_Affleck/Ben_Affleck_0006.jpg
Ben_Affleck,gaussian,0.20000000,0,nan,1,Ben_Affleck/Ben_Affleck_0006.jpg
Ben_Affleck,gaussian,0.30000000,0,nan,1,Ben_Affleck/Ben_Affleck_0006.jpg
Ben_Affleck,brightness,1.00000000,1,1.00000012,0,Ben_Affleck/Ben_Affleck_0006.jpg
Ben_Affleck,brightness,0.90000000,1,0.99934989,0,Ben_Affleck/Ben_Affleck_0006.jpg
Ben_Affleck,brightness,0.80000000,1,0.99805331,0,Ben_Affleck/Ben_Affleck_0006.jpg
Ben_Affleck,brightness,0.65000000,1,0.99395579,0,Ben_Affleck/Ben_Affleck_0006.jpg
Ben_Affleck,brightness,0.50000000,1,0.98709244,0,Ben_Affleck/Ben_Affleck_0006.jpg
Ben_Affleck,brightness,0.35000000,1,0.97531140,0,Ben_Affleck/Ben_Affleck_0006.jpg
Ben_Affleck,rotation,0.00000000,1,1.00000012,0,Ben_Affleck/Ben_Affleck_0006.jpg
Ben_Affleck,rotation,3.00000000,1,0.99863434,0,Ben_Affleck/Ben_Affleck_0006.jpg
Ben_Affleck,rotation,6.00000000,1,0.99814188,0,Ben_Affleck/Ben_Affleck_0006.jpg
Ben_Affleck,rotation,10.00000000,1,0.99800724,0,Ben_Affleck/Ben_Affleck_0006.jpg
Ben_Affleck,rotation,15.00000000,1,0.99524164,0,Ben_Affleck/Ben_Affleck_0006.jpg
Ben_Affleck,rotation,20.00000000,1,0.99311370,0,Ben_Affleck/Ben_Affleck_0006.jpg
Ben_Affleck,blur,0.00000000,1,0.99726057,0,Ben_Affleck/Ben_Affleck_0006.jpg
Ben_Affleck,blur,1.00000000,1,0.99663031,0,Ben_Affleck/Ben_Affleck_0006.jpg
Ben_Affleck,blur,2.00000000,1,0.97329277,0,Ben_Affleck/Ben_Affleck_0006.jpg
Ben_Affleck,blur,3.00000000,1,0.91731960,0,Ben_Affleck/Ben_Affleck_0006.jpg
Ben_Affleck,blur,4.00000000,0,0.83126515,0,Ben_Affleck/Ben_Affleck_0006.jpg
Ben_Affleck,blur,5.00000000,0,0.71809745,0,Ben_Affleck/Ben_Affleck_0006.jpg
Ben_Affleck,occlusion,0.00000000,1,0.99839354,0,Ben_Affleck/Ben_Affleck_0006.jpg
Ben_Affleck,occlusion,0.10000000,0,0.49689656,0,Ben_Affleck/Ben_Affleck_0006.jpg
Ben_Affleck,occlusion,0.15000000,0,nan,1,Ben_Affleck/Ben_Affleck_0006.jpg
Ben_Affleck,occlusion,0.20000000,0,nan,1,Ben_Affleck/Ben_Affleck_0006.jpg
Ben_Affleck,occlusion,0.25000000,0,nan,1,Ben_Affleck/Ben_Affleck_0006.jpg
Ben_Affleck,occlusion,0.30000000,0,nan,1,Ben_Affleck/Ben_Affleck_0006.jpg
Bill_Clinton,gaussian,0.00000000,1,1.00000000,0,Bill_Clinton/Bill_Clinton_0006.jpg
Bill_Clinton,gaussian,0.02000000,1,0.99320924,0,Bill_Clinton/Bill_Clinton_0006.jpg
Bill_Clinton,gaussian,0.05000000,1,0.95088351,0,Bill_Clinton/Bill_Clinton_0006.jpg
Bill_Clinton,gaussian,0.10000000,1,0.87310386,0,Bill_Clinton/Bill_Clinton_0006.jpg
Bill_Clinton,gaussian,0.20000000,0,nan,1,Bill_Clinton/Bill_Clinton_0006.jpg
Bill_Clinton,gaussian,0.30000000,0,nan,1,Bill_Clinton/Bill_Clinton_0006.jpg
Bill_Clinton,brightness,1.00000000,1,1.00000000,0,Bill_Clinton/Bill_Clinton_0006.jpg
Bill_Clinton,brightness,0.90000000,1,0.99902058,0,Bill_Clinton/Bill_Clinton_0006.jpg
Bill_Clinton,brightness,0.80000000,1,0.99723899,0,Bill_Clinton/Bill_Clinton_0006.jpg
Bill_Clinton,brightness,0.65000000,1,0.99389386,0,Bill_Clinton/Bill_Clinton_0006.jpg
Bill_Clinton,brightness,0.50000000,1,0.98987383,0,Bill_Clinton/Bill_Clinton_0006.jpg
Bill_Clinton,brightness,0.35000000,1,0.98454028,0,Bill_Clinton/Bill_Clinton_0006.jpg
Bill_Clinton,rotation,0.00000000,1,1.00000000,0,Bill_Clinton/Bill_Clinton_0006.jpg
Bill_Clinton,rotation,3.00000000,1,0.99553150,0,Bill_Clinton/Bill_Clinton_0006.jpg
Bill_Clinton,rotation,6.00000000,1,0.99301678,0,Bill_Clinton/Bill_Clinton_0006.jpg
Bill_Clinton,rotation,10.00000000,1,0.99101424,0,Bill_Clinton/Bill_Clinton_0006.jpg
Bill_Clinton,rotation,15.00000000,1,0.99172282,0,Bill_Clinton/Bill_Clinton_0006.jpg
Bill_Clinton,rotation,20.00000000,1,0.98834026,0,Bill_Clinton/Bill_Clinton_0006.jpg
Bill_Clinton,blur,0.00000000,1,0.99731803,0,Bill_Clinton/Bill_Clinton_0006.jpg
Bill_Clinton,blur,1.00000000,1,0.99690765,0,Bill_Clinton/Bill_Clinton_0006.jpg
Bill_Clinton,blur,2.00000000,1,0.97988576,0,Bill_Clinton/Bill_Clinton_0006.jpg
Bill_Clinton,blur,3.00000000,1,0.92891401,0,Bill_Clinton/Bill_Clinton_0006.jpg
Bill_Clinton,blur,4.00000000,1,0.84292442,0,Bill_Clinton/Bill_Clinton_0006.jpg
Bill_Clinton,blur,5.00000000,0,0.75406110,0,Bill_Clinton/Bill_Clinton_0006.jpg
Bill_Clinton,occlusion,0.00000000,1,0.99947155,0,Bill_Clinton/Bill_Clinton_0006.jpg
Bill_Clinton,occlusion,0.10000000,0,0.40223873,0,Bill_Clinton/Bill_Clinton_0006.jpg
Bill_Clinton,occlusion,0.15000000,0,0.13601422,0,Bill_Clinton/Bill_Clinton_0006.jpg
Bill_Clinton,occlusion,0.20000000,0,nan,1,Bill_Clinton/Bill_Clinton_0006.jpg
Bill_Clinton,occlusion,0.25000000,0,nan,1,Bill_Clinton/Bill_Clinton_0006.jpg
Bill_Clinton,occlusion,0.30000000,0,nan,1,Bill_Clinton/Bill_Clinton_0006.jpg
Bill_Frist,gaussian,0.00000000,1,1.00000012,0,Bill_Frist/Bill_Frist_0006.jpg
Bill_Frist,gaussian,0.02000000,1,0.98877430,0,Bill_Frist/Bill_Frist_0006.jpg
Bill_Frist,gaussian,0.05000000,1,0.95058703,0,Bill_Frist/Bill_Frist_0006.jpg
Bill_Frist,gaussian,0.10000000,1,0.88039410,0,Bill_Frist/Bill_Frist_0006.jpg
Bill_Frist,gaussian,0.20000000,0,nan,1,Bill_Frist/Bill_Frist_0006.jpg
Bill_Frist,gaussian,0.30000000,0,nan,1,Bill_Frist/Bill_Frist_0006.jpg
Bill_Frist,brightness,1.00000000,1,1.00000012,0,Bill_Frist/Bill_Frist_0006.jpg
Bill_Frist,brightness,0.90000000,1,0.99952662,0,Bill_Frist/Bill_Frist_0006.jpg
Bill_Frist,brightness,0.80000000,1,0.99849421,0,Bill_Frist/Bill_Frist_0006.jpg
Bill_Frist,brightness,0.65000000,1,0.99547809,0,Bill_Frist/Bill_Frist_0006.jpg
Bill_Frist,brightness,0.50000000,1,0.99066865,0,Bill_Frist/Bill_Frist_0006.jpg
Bill_Frist,brightness,0.35000000,1,0.98268116,0,Bill_Frist/Bill_Frist_0006.jpg
Bill_Frist,rotation,0.00000000,1,1.00000012,0,Bill_Frist/Bill_Frist_0006.jpg
Bill_Frist,rotation,3.00000000,1,0.99848062,0,Bill_Frist/Bill_Frist_0006.jpg
Bill_Frist,rotation,6.00000000,1,0.99704736,0,Bill_Frist/Bill_Frist_0006.jpg
Bill_Frist,rotation,10.00000000,1,0.99485940,0,Bill_Frist/Bill_Frist_0006.jpg
Bill_Frist,rotation,15.00000000,1,0.98989707,0,Bill_Frist/Bill_Frist_0006.jpg
Bill_Frist,rotation,20.00000000,1,0.98653877,0,Bill_Frist/Bill_Frist_0006.jpg
Bill_Frist,blur,0.00000000,1,0.99540597,0,Bill_Frist/Bill_Frist_0006.jpg
Bill_Frist,blur,1.00000000,1,0.99441546,0,Bill_Frist/Bill_Frist_0006.jpg
Bill_Frist,blur,2.00000000,1,0.97303593,0,Bill_Frist/Bill_Frist_0006.jpg
Bill_Frist,blur,3.00000000,1,0.91874766,0,Bill_Frist/Bill_Frist_0006.jpg
Bill_Frist,blur,4.00000000,1,0.82862085,0,Bill_Frist/Bill_Frist_0006.jpg
Bill_Frist,blur,5.00000000,0,0.72380877,0,Bill_Frist/Bill_Frist_0006.jpg
Bill_Frist,occlusion,0.00000000,1,0.99906242,0,Bill_Frist/Bill_Frist_0006.jpg
Bill_Frist,occlusion,0.10000000,0,0.40488166,0,Bill_Frist/Bill_Frist_0006.jpg
Bill_Frist,occlusion,0.15000000,0,nan,1,Bill_Frist/Bill_Frist_0006.jpg
Bill_Frist,occlusion,0.20000000,0,nan,1,Bill_Frist/Bill_Frist_0006.jpg
Bill_Frist,occlusion,0.25000000,0,nan,1,Bill_Frist/Bill_Frist_0006.jpg
Bill_Frist,occlusion,0.30000000,0,nan,1,Bill_Frist/Bill_Frist_0006.jpg
Bill_Gates,gaussian,0.00000000,1,1.00000012,0,Bill_Gates/Bill_Gates_0006.jpg
Bill_Gates,gaussian,0.02000000,1,0.99109834,0,Bill_Gates/Bill_Gates_0006.jpg
Bill_Gates,gaussian,0.05000000,1,0.95695645,0,Bill_Gates/Bill_Gates_0006.jpg
Bill_Gates,gaussian,0.10000000,0,0.88243651,0,Bill_Gates/Bill_Gates_0006.jpg
Bill_Gates,gaussian,0.20000000,0,nan,1,Bill_Gates/Bill_Gates_0006.jpg
Bill_Gates,gaussian,0.30000000,0,nan,1,Bill_Gates/Bill_Gates_0006.jpg
Bill_Gates,brightness,1.00000000,1,1.00000012,0,Bill_Gates/Bill_Gates_0006.jpg
Bill_Gates,brightness,0.90000000,1,0.99921203,0,Bill_Gates/Bill_Gates_0006.jpg
Bill_Gates,brightness,0.80000000,1,0.99750042,0,Bill_Gates/Bill_Gates_0006.jpg
Bill_Gates,brightness,0.65000000,1,0.99175620,0,Bill_Gates/Bill_Gates_0006.jpg
Bill_Gates,brightness,0.50000000,1,0.98433447,0,Bill_Gates/Bill_Gates_0006.jpg
Bill_Gates,brightness,0.35000000,1,0.97673202,0,Bill_Gates/Bill_Gates_0006.jpg
Bill_Gates,rotation,0.00000000,1,1.00000012,0,Bill_Gates/Bill_Gates_0006.jpg
Bill_Gates,rotation,3.00000000,1,0.99691188,0,Bill_Gates/Bill_Gates_0006.jpg
Bill_Gates,rotation,6.00000000,1,0.99496657,0,Bill_Gates/Bill_Gates_0006.jpg
Bill_Gates,rotation,10.00000000,1,0.99482167,0,Bill_Gates/Bill_Gates_0006.jpg
Bill_Gates,rotation,15.00000000,1,0.99594319,0,Bill_Gates/Bill_Gates_0006.jpg
Bill_Gates,rotation,20.00000000,1,0.99426484,0,Bill_Gates/Bill_Gates_0006.jpg
Bill_Gates,blur,0.00000000,1,0.99259710,0,Bill_Gates/Bill_Gates_0006.jpg
Bill_Gates,blur,1.00000000,1,0.99103683,0,Bill_Gates/Bill_Gates_0006.jpg
Bill_Gates,blur,2.00000000,1,0.96121490,0,Bill_Gates/Bill_Gates_0006.jpg
Bill_Gates,blur,3.00000000,1,0.90328294,0,Bill_Gates/Bill_Gates_0006.jpg
Bill_Gates,blur,4.00000000,1,0.79391664,0,Bill_Gates/Bill_Gates_0006.jpg
Bill_Gates,blur,5.00000000,0,0.62991661,0,Bill_Gates/Bill_Gates_0006.jpg
Bill_Gates,occlusion,0.00000000,1,0.99887180,0,Bill_Gates/Bill_Gates_0006.jpg
Bill_Gates,occlusion,0.10000000,0,0.45573717,0,Bill_Gates/Bill_Gates_0006.jpg
Bill_Gates,occlusion,0.15000000,0,0.01847874,0,Bill_Gates/Bill_Gates_0006.jpg
Bill_Gates,occlusion,0.20000000,0,-0.00057521,0,Bill_Gates/Bill_Gates_0006.jpg
Bill_Gates,occlusion,0.25000000,0,-0.00581657,0,Bill_Gates/Bill_Gates_0006.jpg
Bill_Gates,occlusion,0.30000000,0,0.00838920,0,Bill_Gates/Bill_Gates_0006.jpg
Bill_Graham,gaussian,0.00000000,1,1.00000000,0,Bill_Graham/Bill_Graham_0006.jpg
Bill_Graham,gaussian,0.02000000,1,0.98349631,0,Bill_Graham/Bill_Graham_0006.jpg
Bill_Graham,gaussian,0.05000000,1,0.92724860,0,Bill_Graham/Bill_Graham_0006.jpg
Bill_Graham,gaussian,0.10000000,1,0.84431428,0,Bill_Graham/Bill_Graham_0006.jpg
Bill_Graham,gaussian,0.20000000,0,nan,1,Bill_Graham/Bill_Graham_0006.jpg
Bill_Graham,gaussian,0.30000000,0,nan,1,Bill_Graham/Bill_Graham_0006.jpg
Bill_Graham,brightness,1.00000000,1,1.00000000,0,Bill_Graham/Bill_Graham_0006.jpg
Bill_Graham,brightness,0.90000000,1,0.99936879,0,Bill_Graham/Bill_Graham_0006.jpg
Bill_Graham,brightness,0.80000000,1,0.99792045,0,Bill_Graham/Bill_Graham_0006.jpg
Bill_Graham,brightness,0.65000000,1,0.99443895,0,Bill_Graham/Bill_Graham_0006.jpg
Bill_Graham,brightness,0.50000000,1,0.98783123,0,Bill_Graham/Bill_Graham_0006.jpg
Bill_Graham,brightness,0.35000000,1,0.97746259,0,Bill_Graham/Bill_Graham_0006.jpg
Bill_Graham,rotation,0.00000000,1,1.00000000,0,Bill_Graham/Bill_Graham_0006.jpg
Bill_Graham,rotation,3.00000000,1,0.99520952,0,Bill_Graham/Bill_Graham_0006.jpg
Bill_Graham,rotation,6.00000000,1,0.99504060,0,Bill_Graham/Bill_Graham_0006.jpg
Bill_Graham,rotation,10.00000000,1,0.99260873,0,Bill_Graham/Bill_Graham_0006.jpg
Bill_Graham,rotation,15.00000000,1,0.99311346,0,Bill_Graham/Bill_Graham_0006.jpg
Bill_Graham,rotation,20.00000000,1,0.98996979,0,Bill_Graham/Bill_Graham_0006.jpg
Bill_Graham,blur,0.00000000,1,0.99010497,0,Bill_Graham/Bill_Graham_0006.jpg
Bill_Graham,blur,1.00000000,1,0.98838651,0,Bill_Graham/Bill_Graham_0006.jpg
Bill_Graham,blur,2.00000000,1,0.93834430,0,Bill_Graham/Bill_Graham_0006.jpg
Bill_Graham,blur,3.00000000,1,0.85520214,0,Bill_Graham/Bill_Graham_0006.jpg
Bill_Graham,blur,4.00000000,1,0.73939872,0,Bill_Graham/Bill_Graham_0006.jpg
Bill_Graham,blur,5.00000000,0,0.64594960,0,Bill_Graham/Bill_Graham_0006.jpg
Bill_Graham,occlusion,0.00000000,1,0.99939525,0,Bill_Graham/Bill_Graham_0006.jpg
Bill_Graham,occlusion,0.10000000,0,0.22505601,0,Bill_Graham/Bill_Graham_0006.jpg
Bill_Graham,occlusion,0.15000000,0,nan,1,Bill_Graham/Bill_Graham_0006.jpg
Bill_Graham,occlusion,0.20000000,0,nan,1,Bill_Graham/Bill_Graham_0006.jpg
Bill_Graham,occlusion,0.25000000,0,nan,1,Bill_Graham/Bill_Graham_0006.jpg
Bill_Graham,occlusion,0.30000000,0,nan,1,Bill_Graham/Bill_Graham_0006.jpg
Bill_McBride,gaussian,0.00000000,1,1.00000012,0,Bill_McBride/Bill_McBride_0006.jpg
Bill_McBride,gaussian,0.02000000,1,0.98759288,0,Bill_McBride/Bill_McBride_0006.jpg
Bill_McBride,gaussian,0.05000000,1,0.94840264,0,Bill_McBride/Bill_McBride_0006.jpg
Bill_McBride,gaussian,0.10000000,1,0.82886207,0,Bill_McBride/Bill_McBride_0006.jpg
Bill_McBride,gaussian,0.20000000,0,nan,1,Bill_McBride/Bill_McBride_0006.jpg
Bill_McBride,gaussian,0.30000000,0,nan,1,Bill_McBride/Bill_McBride_0006.jpg
Bill_McBride,brightness,1.00000000,1,1.00000012,0,Bill_McBride/Bill_McBride_0006.jpg
Bill_McBride,brightness,0.90000000,1,0.99955559,0,Bill_McBride/Bill_McBride_0006.jpg
Bill_McBride,brightness,0.80000000,1,0.99850827,0,Bill_McBride/Bill_McBride_0006.jpg
Bill_McBride,brightness,0.65000000,1,0.99580443,0,Bill_McBride/Bill_McBride_0006.jpg
Bill_McBride,brightness,0.50000000,1,0.99067587,0,Bill_McBride/Bill_McBride_0006.jpg
Bill_McBride,brightness,0.35000000,1,0.98016047,0,Bill_McBride/Bill_McBride_0006.jpg
Bill_McBride,rotation,0.00000000,1,1.00000012,0,Bill_McBride/Bill_McBride_0006.jpg
Bill_McBride,rotation,3.00000000,1,0.99811488,0,Bill_McBride/Bill_McBride_0006.jpg
Bill_McBride,rotation,6.00000000,1,0.99643803,0,Bill_McBride/Bill_McBride_0006.jpg
Bill_McBride,rotation,10.00000000,1,0.99580288,0,Bill_McBride/Bill_McBride_0006.jpg
Bill_McBride,rotation,15.00000000,1,0.99298120,0,Bill_McBride/Bill_McBride_0006.jpg
Bill_McBride,rotation,20.00000000,1,0.98601574,0,Bill_McBride/Bill_McBride_0006.jpg
Bill_McBride,blur,0.00000000,1,0.99704742,0,Bill_McBride/Bill_McBride_0006.jpg
Bill_McBride,blur,1.00000000,1,0.99657398,0,Bill_McBride/Bill_McBride_0006.jpg
Bill_McBride,blur,2.00000000,1,0.97810018,0,Bill_McBride/Bill_McBride_0006.jpg
Bill_McBride,blur,3.00000000,1,0.92610455,0,Bill_McBride/Bill_McBride_0006.jpg
Bill_McBride,blur,4.00000000,1,0.81758487,0,Bill_McBride/Bill_McBride_0006.jpg
Bill_McBride,blur,5.00000000,1,0.69777322,0,Bill_McBride/Bill_McBride_0006.jpg
Bill_McBride,occlusion,0.00000000,1,0.99907953,0,Bill_McBride/Bill_McBride_0006.jpg
Bill_McBride,occlusion,0.10000000,0,0.47326767,0,Bill_McBride/Bill_McBride_0006.jpg
Bill_McBride,occlusion,0.15000000,0,nan,1,Bill_McBride/Bill_McBride_0006.jpg
Bill_McBride,occlusion,0.20000000,0,nan,1,Bill_McBride/Bill_McBride_0006.jpg
Bill_McBride,occlusion,0.25000000,0,nan,1,Bill_McBride/Bill_McBride_0006.jpg
Bill_McBride,occlusion,0.30000000,0,nan,1,Bill_McBride/Bill_McBride_0006.jpg
